Дата,Температура (день),Давление (день),Температура (вечер),Давление (вечер),Облачность (день)-Ясно,Облачность (день)-Малооблачно,Облачность (день)-Переменная облачность,Облачность (день)-Пасмурно,Облачность (вечер)-Ясно,Облачность (вечер)-Малооблачно,Облачность (вечер)-Переменная облачность,Облачность (вечер)-Пасмурно,Ветер (день) (м/с),Ветер (день)-С,Ветер (день)-СВ,Ветер (день)-В,Ветер (день)-ЮВ,Ветер (день)-Ю,Ветер (день)-ЮЗ,Ветер (день)-З,Ветер (день)-СЗ,Ветер (вечер) (м/с),Ветер (вечер)-С,Ветер (вечер)-СВ,Ветер (вечер)-В,Ветер (вечер)-ЮВ,Ветер (вечер)-Ю,Ветер (вечер)-ЮЗ,Ветер (вечер)-З,Ветер (вечер)-СЗ
2010-01-01,-4.0,745,-1.0,742.0,0,0,0,1,0,0,0,1,3.0,0,0,1,0,0,0,0,0,3.0,0,0,1,0,0,0,0,0
2010-01-02,-5.0,743,-6.0,741.0,0,0,0,1,0,0,0,1,2.0,0,0,1,0,0,0,0,0,2.0,0,0,1,0,0,0,0,0
2010-01-03,-3.0,734,0.0,734.0,0,0,0,1,0,0,0,1,1.0,0,0,1,0,0,0,0,0,1.0,0,0,1,0,0,0,0,0
2010-01-04,-17.0,743,-21.0,747.0,1,0,0,0,1,0,0,0,2.0,0,0,0,0,0,0,0,1,2.0,0,0,0,0,0,0,0,1
2010-01-05,-19.0,757,-21.0,759.0,1,0,0,0,1,0,0,0,1.0,1,0,0,0,0,0,0,0,1.0,1,0,0,0,0,0,0,0
2010-01-06,-18.0,763,-22.0,764.0,1,0,0,0,1,0,0,0,0.0,0,0,0,0,0,0,0,0,0.0,0,0,0,0,0,0,0,0
2010-01-07,-17.0,767,-21.0,767.0,0,0,1,0,0,0,1,0,2.0,0,0,0,0,0,0,0,1,2.0,0,0,0,0,0,0,0,1
2010-01-08,-20.0,766,-17.0,764.0,0,0,0,1,0,0,0,1,2.0,0,0,1,0,0,0,0,0,2.0,0,0,1,0,0,0,0,0
2010-01-09,-8.0,761,-8.0,760.0,0,0,0,1,0,0,0,1,1.0,0,0,0,0,1,0,0,0,1.0,0,0,0,0,1,0,0,0
2010-01-10,-12.0,760,-16.0,760.0,1,0,0,0,1,0,0,0,0.0,0,0,0,0,0,0,0,0,0.0,0,0,0,0,0,0,0,0
2010-01-11,-14.0,756,-12.0,756.0,0,0,0,1,0,0,0,1,1.0,0,0,0,0,0,1,0,0,1.0,0,0,0,0,0,1,0,0
2010-01-12,-11.0,752,-12.0,750.0,0,0,0,1,0,0,0,1,2.0,0,0,0,0,0,1,0,0,2.0,0,0,0,0,0,1,0,0
2010-01-13,-7.0,747,-7.0,748.0,0,0,0,1,0,0,0,1,3.0,0,0,0,0,0,0,1,0,3.0,0,0,0,0,0,0,1,0
2010-01-14,-8.0,751,-12.0,755.0,0,0,1,0,1,0,0,0,2.0,0,0,0,0,0,0,0,1,2.0,0,0,0,0,0,0,0,1
2010-01-15,-14.0,761,-16.0,761.0,0,0,0,1,0,0,1,0,0.0,0,0,0,0,0,0,0,0,0.0,0,0,0,0,0,0,0,0
2010-01-16,-17.0,768,-20.0,771.0,1,0,0,0,1,0,0,0,0.0,0,0,0,0,0,0,0,0,0.0,0,0,0,0,0,0,0,0
2010-01-17,-17.0,774,-22.0,774.0,1,0,0,0,1,0,0,0,0.0,0,0,0,0,0,0,0,0,0.0,0,0,0,0,0,0,0,0
2010-01-18,-18.0,770,-21.0,770.0,0,1,0,0,0,0,0,1,2.0,0,0,0,0,0,0,1,0,2.0,0,0,0,0,0,0,1,0
2010-01-19,-17.0,769,-19.0,769.0,0,0,1,0,0,1,0,0,1.0,0,0,1,0,0,0,0,0,1.0,0,0,1,0,0,0,0,0
2010-01-20,-17.0,770,-17.0,770.0,1,0,0,0,0,0,0,1,1.0,0,0,1,0,0,0,0,0,1.0,0,0,1,0,0,0,0,0
2010-01-21,-15.0,767,-19.0,765.0,0,1,0,0,0,0,1,0,0.0,0,0,0,0,0,0,0,0,0.0,0,0,0,0,0,0,0,0
2010-01-22,-20.0,763,-26.0,764.0,1,0,0,0,1,0,0,0,0.0,0,0,0,0,0,0,0,0,0.0,0,0,0,0,0,0,0,0
2010-01-23,-22.0,762,-27.0,762.0,1,0,0,0,1,0,0,0,0.0,0,0,0,0,0,0,0,0,0.0,0,0,0,0,0,0,0,0
2010-01-24,-19.0,761,-21.0,760.0,0,0,0,1,0,0,0,1,0.0,0,0,0,0,0,0,0,0,0.0,0,0,0,0,0,0,0,0
2010-01-25,-14.0,761,-13.0,761.0,0,0,0,1,0,0,0,1,2.0,0,0,1,0,0,0,0,0,2.0,0,0,1,0,0,0,0,0
2010-01-26,-7.0,761,-10.0,764.0,0,0,0,1,0,0,0,1,4.0,0,0,1,0,0,0,0,0,4.0,0,0,1,0,0,0,0,0
2010-01-27,-12.0,762,-15.0,759.0,0,1,0,0,1,0,0,0,3.0,0,0,1,0,0,0,0,0,3.0,0,0,1,0,0,0,0,0
2010-01-28,-14.0,749,-16.0,747.0,1,0,0,0,0,1,0,0,2.0,0,0,1,0,0,0,0,0,2.0,0,0,1,0,0,0,0,0
2010-01-29,-15.0,748,-20.0,750.0,1,0,0,0,0,1,0,0,1.0,0,0,1,0,0,0,0,0,1.0,0,0,1,0,0,0,0,0
2010-01-30,-16.0,750,-12.0,750.0,0,0,0,1,0,0,0,1,4.0,0,0,1,0,0,0,0,0,4.0,0,0,1,0,0,0,0,0
2010-01-31,-7.0,757,-7.0,758.0,0,0,0,1,0,0,0,1,1.0,0,0,1,0,0,0,0,0,1.0,0,0,1,0,0,0,0,0
2010-02-01,-5.0,758,-6.0,759.0,0,0,0,1,0,1,0,0,3.0,0,0,0,1,0,0,0,0,3.0,0,0,0,1,0,0,0,0
2010-02-02,-7.0,759,-9.0,760.0,0,0,0,1,0,0,0,1,3.0,0,0,1,0,0,0,0,0,3.0,0,0,1,0,0,0,0,0
2010-02-03,-11.0,764,-14.0,766.0,0,1,0,0,0,1,0,0,3.0,0,0,1,0,0,0,0,0,3.0,0,0,1,0,0,0,0,0
2010-02-04,-9.0,772,-12.0,773.0,1,0,0,0,1,0,0,0,2.0,0,0,1,0,0,0,0,0,2.0,0,0,1,0,0,0,0,0
2010-02-05,-9.0,770,-13.0,768.0,1,0,0,0,1,0,0,0,0.0,0,0,0,0,0,0,0,0,0.0,0,0,0,0,0,0,0,0
2010-02-06,-10.0,767,-16.0,767.0,1,0,0,0,1,0,0,0,1.0,0,0,0,0,0,0,0,1,1.0,0,0,0,0,0,0,0,1
2010-02-07,-11.0,767,-16.0,767.0,1,0,0,0,1,0,0,0,1.0,0,0,0,0,0,0,1,0,1.0,0,0,0,0,0,0,1,0
2010-02-08,-13.0,767,-15.0,767.0,0,0,1,0,0,1,0,0,2.0,0,0,1,0,0,0,0,0,2.0,0,0,1,0,0,0,0,0
2010-02-09,-14.0,770,-16.0,770.0,1,0,0,0,1,0,0,0,4.0,0,0,1,0,0,0,0,0,4.0,0,0,1,0,0,0,0,0
2010-02-10,-15.0,774,-18.0,775.0,1,0,0,0,1,0,0,0,2.0,0,0,0,1,0,0,0,0,2.0,0,0,0,1,0,0,0,0
2010-02-11,-16.0,776,-19.0,776.0,1,0,0,0,1,0,0,0,2.0,0,0,0,1,0,0,0,0,2.0,0,0,0,1,0,0,0,0
2010-02-12,-12.0,776,-16.0,776.0,1,0,0,0,1,0,0,0,1.0,0,0,1,0,0,0,0,0,1.0,0,0,1,0,0,0,0,0
2010-02-13,-10.0,773,-15.0,770.0,0,0,0,1,1,0,0,0,1.0,0,0,0,0,0,0,1,0,1.0,0,0,0,0,0,0,1,0
2010-02-14,-10.0,764,-13.0,761.0,0,1,0,0,1,0,0,0,3.0,0,0,1,0,0,0,0,0,3.0,0,0,1,0,0,0,0,0
2010-02-15,-10.0,752,-9.0,749.0,0,0,0,1,0,0,0,1,3.0,0,0,0,1,0,0,0,0,3.0,0,0,0,1,0,0,0,0
2010-02-16,-7.0,740,-7.0,736.0,0,0,0,1,0,0,0,1,2.0,0,0,1,0,0,0,0,0,2.0,0,0,1,0,0,0,0,0
2010-02-17,-6.0,740,-10.0,743.0,1,0,0,0,0,0,0,1,4.0,0,0,0,0,0,0,0,1,4.0,0,0,0,0,0,0,0,1
2010-02-18,-9.0,751,-14.0,751.0,1,0,0,0,1,0,0,0,1.0,0,0,0,0,0,0,1,0,1.0,0,0,0,0,0,0,1,0
2010-02-19,-11.0,746,-12.0,748.0,0,0,1,0,0,1,0,0,3.0,0,0,0,0,0,0,1,0,3.0,0,0,0,0,0,0,1,0
2010-02-20,-4.0,745,-8.0,746.0,0,0,0,1,0,0,0,1,2.0,0,0,0,0,0,0,1,0,2.0,0,0,0,0,0,0,1,0
2010-02-21,-12.0,743,-12.0,743.0,0,0,0,1,0,0,0,1,3.0,0,0,1,0,0,0,0,0,3.0,0,0,1,0,0,0,0,0
2010-02-22,-9.0,743,-10.0,743.0,0,0,0,1,0,0,0,1,4.0,0,0,1,0,0,0,0,0,4.0,0,0,1,0,0,0,0,0
2010-02-23,-7.0,743,-8.0,745.0,0,0,0,1,0,0,0,1,3.0,0,0,1,0,0,0,0,0,3.0,0,0,1,0,0,0,0,0
2010-02-24,-5.0,746,-6.0,747.0,0,0,0,1,0,0,1,0,2.0,0,1,0,0,0,0,0,0,2.0,0,1,0,0,0,0,0,0
2010-02-25,-3.0,749,-3.0,750.0,0,0,0,1,0,0,0,1,0.0,0,0,0,0,0,0,0,0,0.0,0,0,0,0,0,0,0,0
2010-02-26,-3.0,754,-5.0,755.0,0,0,0,1,0,0,0,1,0.0,0,0,0,0,0,0,0,0,0.0,0,0,0,0,0,0,0,0
2010-02-27,-3.0,755,-7.0,755.0,0,0,1,0,0,1,0,0,2.0,0,0,0,0,0,1,0,0,2.0,0,0,0,0,0,1,0,0
2010-02-28,-6.0,755,-10.0,756.0,0,0,1,0,0,0,1,0,2.0,0,0,0,0,0,0,0,1,2.0,0,0,0,0,0,0,0,1
2010-03-01,-8.0,758,-10.0,758.0,0,0,0,1,1,0,0,0,1.0,0,0,1,0,0,0,0,0,1.0,0,0,1,0,0,0,0,0
2010-03-02,-6.0,755,-8.0,753.0,0,0,0,1,0,0,0,1,3.0,0,0,1,0,0,0,0,0,3.0,0,0,1,0,0,0,0,0
2010-03-03,-4.0,752,-5.0,752.0,0,0,0,1,0,0,0,1,1.0,0,0,1,0,0,0,0,0,1.0,0,0,1,0,0,0,0,0
2010-03-04,-4.0,750,-6.0,748.0,0,0,0,1,0,0,1,0,2.0,0,0,0,1,0,0,0,0,2.0,0,0,0,1,0,0,0,0
2010-03-05,0.0,747,-4.0,750.0,0,0,1,0,1,0,0,0,2.0,0,0,0,0,0,1,0,0,2.0,0,0,0,0,0,1,0,0
2010-03-06,-5.0,753,-6.0,752.0,0,0,1,0,0,0,0,1,2.0,0,0,1,0,0,0,0,0,2.0,0,0,1,0,0,0,0,0
2010-03-07,-4.0,749,-4.0,747.0,0,0,0,1,0,0,0,1,2.0,0,0,1,0,0,0,0,0,2.0,0,0,1,0,0,0,0,0
2010-03-08,-3.0,740,-5.0,742.0,0,0,0,1,0,0,0,1,1.0,1,0,0,0,0,0,0,0,1.0,1,0,0,0,0,0,0,0
2010-03-09,-6.0,749,-11.0,750.0,1,0,0,0,1,0,0,0,2.0,0,0,0,0,0,0,0,1,2.0,0,0,0,0,0,0,0,1
2010-03-10,-4.0,751,-8.0,750.0,0,0,0,1,0,0,1,0,2.0,0,0,0,0,0,1,0,0,2.0,0,0,0,0,0,1,0,0
2010-03-11,-3.0,746,-4.0,749.0,0,0,0,1,0,0,1,0,4.0,0,0,0,0,0,0,1,0,4.0,0,0,0,0,0,0,1,0
2010-03-12,-1.0,751,-5.0,749.0,0,0,0,1,0,0,1,0,2.0,0,0,0,0,1,0,0,0,2.0,0,0,0,0,1,0,0,0
2010-03-13,0.0,737,-1.0,738.0,0,0,0,1,0,0,0,1,4.0,0,0,0,0,0,1,0,0,4.0,0,0,0,0,0,1,0,0
2010-03-14,0.0,738,-2.0,738.0,0,0,1,0,0,0,0,1,2.0,0,0,0,0,0,0,1,0,2.0,0,0,0,0,0,0,1,0
2010-03-15,0.0,742,-4.0,744.0,0,1,0,0,1,0,0,0,4.0,0,0,0,0,0,1,0,0,4.0,0,0,0,0,0,1,0,0
2010-03-16,1.0,738,-4.0,740.0,0,0,0,1,0,0,0,1,3.0,0,0,0,0,0,1,0,0,3.0,0,0,0,0,0,1,0,0
2010-03-17,-5.0,746,-7.0,748.0,0,1,0,0,0,0,0,1,3.0,0,0,0,0,0,0,1,0,3.0,0,0,0,0,0,0,1,0
2010-03-18,-4.0,754,-10.0,755.0,1,0,0,0,1,0,0,0,2.0,0,0,0,0,0,1,0,0,2.0,0,0,0,0,0,1,0,0
2010-03-19,-7.0,755,-11.0,755.0,1,0,0,0,0,0,1,0,4.0,0,0,0,0,0,0,1,0,4.0,0,0,0,0,0,0,1,0
2010-03-20,-2.0,746,-4.0,749.0,0,0,0,1,0,0,1,0,2.0,0,0,0,0,0,1,0,0,2.0,0,0,0,0,0,1,0,0
2010-03-21,3.0,746,1.0,745.0,0,0,0,1,0,0,0,1,1.0,0,0,0,0,0,1,0,0,1.0,0,0,0,0,0,1,0,0
2010-03-22,3.0,741,2.0,739.0,0,0,0,1,0,0,0,1,3.0,0,0,0,0,0,0,1,0,3.0,0,0,0,0,0,0,1,0
2010-03-23,2.0,744,-3.0,749.0,1,0,0,0,1,0,0,0,4.0,0,0,0,0,0,0,0,1,4.0,0,0,0,0,0,0,0,1
2010-03-24,1.0,749,-1.0,747.0,0,0,1,0,0,0,1,0,4.0,0,0,0,0,0,1,0,0,4.0,0,0,0,0,0,1,0,0
2010-03-25,0.0,749,-4.0,752.0,0,0,1,0,1,0,0,0,2.0,1,0,0,0,0,0,0,0,2.0,1,0,0,0,0,0,0,0
2010-03-26,0.0,758,-4.0,759.0,0,0,1,0,1,0,0,0,3.0,0,0,0,0,0,0,0,1,3.0,0,0,0,0,0,0,0,1
2010-03-27,1.0,758,-2.0,758.0,0,0,0,1,0,0,0,1,5.0,0,0,0,0,0,0,1,0,5.0,0,0,0,0,0,0,1,0
2010-03-28,4.0,758,-1.0,758.0,1,0,0,0,1,0,0,0,2.0,0,0,0,0,1,0,0,0,2.0,0,0,0,0,1,0,0,0
2010-03-29,5.0,758,0.0,758.0,1,0,0,0,1,0,0,0,2.0,0,0,1,0,0,0,0,0,2.0,0,0,1,0,0,0,0,0
2010-03-30,5.0,757,2.0,757.0,0,0,0,1,0,0,0,1,2.0,0,0,1,0,0,0,0,0,2.0,0,0,1,0,0,0,0,0
2010-03-31,8.0,757,4.0,757.0,0,0,0,1,0,1,0,0,2.0,0,0,0,1,0,0,0,0,2.0,0,0,0,1,0,0,0,0
2010-04-01,10.0,757,6.0,758.0,0,1,0,0,1,0,0,0,3.0,0,0,1,0,0,0,0,0,3.0,0,0,1,0,0,0,0,0
2010-04-02,9.0,759,5.0,759.0,1,0,0,0,1,0,0,0,2.0,0,0,0,1,0,0,0,0,2.0,0,0,0,1,0,0,0,0
2010-04-03,8.0,758,6.0,757.0,0,1,0,0,1,0,0,0,2.0,1,0,0,0,0,0,0,0,2.0,1,0,0,0,0,0,0,0
2010-04-04,12.0,757,7.0,756.0,0,1,0,0,1,0,0,0,2.0,0,1,0,0,0,0,0,0,2.0,0,1,0,0,0,0,0,0
2010-04-05,11.0,756,8.0,755.0,0,1,0,0,1,0,0,0,2.0,0,1,0,0,0,0,0,0,2.0,0,1,0,0,0,0,0,0
2010-04-06,12.0,755,0.0,0.0,0,0,0,1,0,0,0,0,3.0,0,1,0,0,0,0,0,0,0.0,0,0,0,0,0,0,0,0
2010-04-07,4.0,759,1.0,760.0,0,0,0,1,0,0,1,0,3.0,0,0,1,0,0,0,0,0,3.0,0,0,1,0,0,0,0,0
2010-04-08,4.0,761,0.0,761.0,0,0,0,1,1,0,0,0,3.0,0,0,1,0,0,0,0,0,3.0,0,0,1,0,0,0,0,0
2010-04-09,6.0,758,3.0,757.0,1,0,0,0,1,0,0,0,2.0,0,0,1,0,0,0,0,0,2.0,0,0,1,0,0,0,0,0
2010-04-10,9.0,755,5.0,755.0,0,1,0,0,1,0,0,0,3.0,0,0,1,0,0,0,0,0,3.0,0,0,1,0,0,0,0,0
2010-04-11,9.0,754,5.0,753.0,1,0,0,0,1,0,0,0,3.0,1,0,0,0,0,0,0,0,3.0,1,0,0,0,0,0,0,0
2010-04-12,12.0,753,7.0,753.0,0,0,0,1,0,1,0,0,3.0,0,1,0,0,0,0,0,0,3.0,0,1,0,0,0,0,0,0
2010-04-13,9.0,752,4.0,752.0,0,0,0,1,0,0,0,1,2.0,0,0,0,0,0,0,0,1,2.0,0,0,0,0,0,0,0,1
2010-04-14,8.0,749,2.0,751.0,0,0,1,0,1,0,0,0,3.0,0,0,0,0,0,0,0,1,3.0,0,0,0,0,0,0,0,1
2010-04-15,11.0,752,8.0,751.0,0,0,1,0,0,0,0,1,2.0,0,0,0,0,0,1,0,0,2.0,0,0,0,0,0,1,0,0
2010-04-16,13.0,751,9.0,752.0,0,0,0,1,0,0,0,1,2.0,0,0,0,0,0,0,1,0,2.0,0,0,0,0,0,0,1,0
2010-04-17,17.0,752,10.0,752.0,0,0,0,1,0,0,0,1,3.0,0,0,0,0,1,0,0,0,3.0,0,0,0,0,1,0,0,0
2010-04-18,13.0,748,11.0,750.0,0,0,0,1,0,0,0,1,1.0,0,0,0,0,0,1,0,0,1.0,0,0,0,0,0,1,0,0
2010-04-19,17.0,749,12.0,750.0,0,0,0,1,1,0,0,0,3.0,0,0,0,0,0,0,0,1,3.0,0,0,0,0,0,0,0,1
2010-04-20,20.0,750,16.0,751.0,0,0,0,1,0,0,0,1,3.0,0,0,0,0,0,1,0,0,3.0,0,0,0,0,0,1,0,0
2010-04-21,21.0,751,17.0,750.0,1,0,0,0,1,0,0,0,2.0,0,0,0,1,0,0,0,0,2.0,0,0,0,1,0,0,0,0
2010-04-22,23.0,747,19.0,746.0,0,1,0,0,0,1,0,0,4.0,0,0,0,0,1,0,0,0,4.0,0,0,0,0,1,0,0,0
2010-04-23,18.0,748,13.0,752.0,0,0,0,1,0,0,0,1,4.0,0,0,0,0,0,0,1,0,4.0,0,0,0,0,0,0,1,0
2010-04-24,14.0,758,10.0,758.0,0,0,0,1,0,0,0,1,3.0,0,0,0,0,0,1,0,0,3.0,0,0,0,0,0,1,0,0
2010-04-25,17.0,752,12.0,749.0,1,0,0,0,0,1,0,0,3.0,0,0,0,0,0,1,0,0,3.0,0,0,0,0,0,1,0,0
2010-04-26,11.0,749,4.0,749.0,0,0,0,1,0,1,0,0,3.0,1,0,0,0,0,0,0,0,3.0,1,0,0,0,0,0,0,0
2010-04-27,5.0,750,1.0,752.0,0,0,0,1,0,0,1,0,2.0,0,1,0,0,0,0,0,0,2.0,0,1,0,0,0,0,0,0
2010-04-28,11.0,749,8.0,749.0,0,0,0,1,1,0,0,0,5.0,0,0,0,0,0,0,0,1,5.0,0,0,0,0,0,0,0,1
2010-04-29,15.0,747,10.0,748.0,0,0,0,1,0,0,0,1,4.0,0,0,0,0,0,0,1,0,4.0,0,0,0,0,0,0,1,0
2010-04-30,17.0,751,14.0,750.0,0,1,0,0,1,0,0,0,2.0,0,0,0,0,0,1,0,0,2.0,0,0,0,0,0,1,0,0
2010-05-01,17.0,752,15.0,752.0,0,0,0,1,1,0,0,0,3.0,0,0,0,0,1,0,0,0,3.0,0,0,0,0,1,0,0,0
2010-05-02,20.0,753,19.0,752.0,0,0,0,1,0,0,0,1,3.0,0,0,0,0,0,0,1,0,3.0,0,0,0,0,0,0,1,0
2010-05-03,21.0,754,21.0,754.0,1,0,0,0,1,0,0,0,2.0,0,0,0,0,0,0,1,0,2.0,0,0,0,0,0,0,1,0
2010-05-04,26.0,755,18.0,755.0,1,0,0,0,1,0,0,0,3.0,0,0,0,0,0,1,0,0,3.0,0,0,0,0,0,1,0,0
2010-05-05,28.0,754,19.0,752.0,1,0,0,0,1,0,0,0,1.0,0,0,0,0,0,0,1,0,1.0,0,0,0,0,0,0,1,0
2010-05-06,29.0,752,21.0,752.0,0,1,0,0,1,0,0,0,2.0,0,0,0,0,0,0,0,1,2.0,0,0,0,0,0,0,0,1
2010-05-07,30.0,751,24.0,750.0,0,1,0,0,1,0,0,0,2.0,0,0,0,0,0,0,1,0,2.0,0,0,0,0,0,0,1,0
2010-05-08,27.0,753,20.0,753.0,1,0,0,0,1,0,0,0,3.0,0,1,0,0,0,0,0,0,3.0,0,1,0,0,0,0,0,0
2010-05-09,26.0,751,22.0,751.0,0,0,0,1,0,0,0,1,3.0,0,0,1,0,0,0,0,0,3.0,0,0,1,0,0,0,0,0
2010-05-10,24.0,752,19.0,752.0,1,0,0,0,1,0,0,0,4.0,0,0,1,0,0,0,0,0,4.0,0,0,1,0,0,0,0,0
2010-05-11,24.0,755,19.0,756.0,1,0,0,0,1,0,0,0,3.0,0,0,1,0,0,0,0,0,3.0,0,0,1,0,0,0,0,0
2010-05-12,25.0,755,21.0,753.0,0,0,0,1,0,1,0,0,2.0,0,0,0,1,0,0,0,0,2.0,0,0,0,1,0,0,0,0
2010-05-13,22.0,754,18.0,753.0,0,0,0,1,1,0,0,0,2.0,0,0,0,1,0,0,0,0,2.0,0,0,0,1,0,0,0,0
2010-05-14,25.0,751,16.0,752.0,0,0,1,0,0,0,0,1,6.0,0,0,0,1,0,0,0,0,6.0,0,0,0,1,0,0,0,0
2010-05-15,20.0,752,19.0,752.0,0,0,1,0,0,0,1,0,3.0,0,0,1,0,0,0,0,0,3.0,0,0,1,0,0,0,0,0
2010-05-16,26.0,750,20.0,749.0,0,1,0,0,1,0,0,0,2.0,0,0,0,1,0,0,0,0,2.0,0,0,0,1,0,0,0,0
2010-05-17,26.0,747,23.0,746.0,0,1,0,0,1,0,0,0,1.0,0,0,0,0,0,0,0,1,1.0,0,0,0,0,0,0,0,1
2010-05-18,21.0,746,17.0,747.0,0,0,1,0,0,0,0,1,2.0,0,1,0,0,0,0,0,0,2.0,0,1,0,0,0,0,0,0
2010-05-19,22.0,746,16.0,746.0,0,1,0,0,0,0,0,1,2.0,1,0,0,0,0,0,0,0,2.0,1,0,0,0,0,0,0,0
2010-05-20,20.0,749,15.0,750.0,1,0,0,0,1,0,0,0,4.0,0,1,0,0,0,0,0,0,4.0,0,1,0,0,0,0,0,0
2010-05-21,18.0,754,11.0,753.0,1,0,0,0,1,0,0,0,2.0,0,0,0,1,0,0,0,0,2.0,0,0,0,1,0,0,0,0
2010-05-22,21.0,749,17.0,748.0,1,0,0,0,1,0,0,0,3.0,0,0,0,0,0,1,0,0,3.0,0,0,0,0,0,1,0,0
2010-05-23,24.0,746,16.0,746.0,1,0,0,0,1,0,0,0,2.0,0,0,0,0,0,0,1,0,2.0,0,0,0,0,0,0,1,0
2010-05-24,26.0,743,19.0,743.0,0,1,0,0,1,0,0,0,1.0,0,0,0,1,0,0,0,0,1.0,0,0,0,1,0,0,0,0
2010-05-25,24.0,741,20.0,740.0,0,0,0,1,0,0,0,1,2.0,0,0,0,1,0,0,0,0,2.0,0,0,0,1,0,0,0,0
2010-05-26,19.0,737,19.0,737.0,0,0,0,1,0,1,0,0,2.0,0,0,0,1,0,0,0,0,2.0,0,0,0,1,0,0,0,0
2010-05-27,15.0,738,11.0,740.0,0,0,1,0,0,0,1,0,4.0,0,0,0,0,0,1,0,0,4.0,0,0,0,0,0,1,0,0
2010-05-28,13.0,739,13.0,741.0,0,0,1,0,0,1,0,0,3.0,0,0,0,0,0,1,0,0,3.0,0,0,0,0,0,1,0,0
2010-05-29,13.0,747,12.0,749.0,0,0,0,1,0,1,0,0,2.0,0,0,0,0,0,0,0,1,2.0,0,0,0,0,0,0,0,1
2010-05-30,20.0,752,15.0,752.0,0,0,1,0,0,0,1,0,2.0,0,0,1,0,0,0,0,0,2.0,0,0,1,0,0,0,0,0
2010-05-31,23.0,754,20.0,753.0,0,1,0,0,0,1,0,0,2.0,0,0,0,0,0,0,1,0,2.0,0,0,0,0,0,0,1,0
2010-06-01,26.0,754,22.0,753.0,1,0,0,0,1,0,0,0,2.0,0,0,0,0,0,1,0,0,2.0,0,0,0,0,0,1,0,0
2010-06-02,28.0,754,23.0,752.0,0,1,0,0,1,0,0,0,1.0,0,0,0,0,0,0,0,1,1.0,0,0,0,0,0,0,0,1
2010-06-03,31.0,740,22.0,749.0,1,0,0,0,1,0,0,0,2.0,0,0,0,0,0,0,1,0,2.0,0,0,0,0,0,0,1,0
2010-06-04,33.0,748,28.0,746.0,1,0,0,0,0,1,0,0,3.0,0,0,0,0,0,1,0,0,3.0,0,0,0,0,0,1,0,0
2010-06-05,30.0,743,26.0,742.0,0,1,0,0,1,0,0,0,2.0,0,0,0,0,0,1,0,0,2.0,0,0,0,0,0,1,0,0
2010-06-06,20.0,749,14.0,749.0,1,0,0,0,1,0,0,0,2.0,1,0,0,0,0,0,0,0,2.0,1,0,0,0,0,0,0,0
2010-06-07,22.0,750,16.0,749.0,0,1,0,0,1,0,0,0,2.0,0,0,0,0,0,0,0,1,2.0,0,0,0,0,0,0,0,1
2010-06-08,25.0,748,18.0,747.0,1,0,0,0,1,0,0,0,2.0,0,0,0,0,0,1,0,0,2.0,0,0,0,0,0,1,0,0
2010-06-09,29.0,746,23.0,744.0,1,0,0,0,1,0,0,0,3.0,0,0,0,0,0,1,0,0,3.0,0,0,0,0,0,1,0,0
2010-06-10,19.0,748,16.0,748.0,0,0,1,0,1,0,0,0,2.0,0,1,0,0,0,0,0,0,2.0,0,1,0,0,0,0,0,0
2010-06-11,22.0,749,17.0,750.0,0,1,0,0,0,1,0,0,1.0,1,0,0,0,0,0,0,0,1.0,1,0,0,0,0,0,0,0
2010-06-12,27.0,749,26.0,747.0,0,1,0,0,1,0,0,0,4.0,0,0,0,0,0,0,1,0,4.0,0,0,0,0,0,0,1,0
2010-06-13,34.0,745,31.0,744.0,0,1,0,0,1,0,0,0,4.0,0,0,0,0,0,0,1,0,4.0,0,0,0,0,0,0,1,0
2010-06-14,24.0,744,24.0,745.0,0,0,1,0,0,1,0,0,1.0,0,0,0,0,0,0,0,1,1.0,0,0,0,0,0,0,0,1
2010-06-15,27.0,748,22.0,747.0,1,0,0,0,1,0,0,0,3.0,1,0,0,0,0,0,0,0,3.0,1,0,0,0,0,0,0,0
2010-06-16,29.0,745,23.0,743.0,0,1,0,0,0,1,0,0,1.0,1,0,0,0,0,0,0,0,1.0,1,0,0,0,0,0,0,0
2010-06-17,27.0,740,20.0,740.0,0,1,0,0,0,0,0,1,3.0,0,0,0,0,0,0,0,1,3.0,0,0,0,0,0,0,0,1
2010-06-18,22.0,743,19.0,745.0,0,1,0,0,1,0,0,0,2.0,0,0,0,0,0,0,0,1,2.0,0,0,0,0,0,0,0,1
2010-06-19,20.0,748,17.0,751.0,0,0,0,1,1,0,0,0,3.0,1,0,0,0,0,0,0,0,3.0,1,0,0,0,0,0,0,0
2010-06-20,25.0,754,21.0,755.0,0,1,0,0,1,0,0,0,2.0,1,0,0,0,0,0,0,0,2.0,1,0,0,0,0,0,0,0
2010-06-21,26.0,755,19.0,755.0,1,0,0,0,1,0,0,0,2.0,1,0,0,0,0,0,0,0,2.0,1,0,0,0,0,0,0,0
2010-06-22,28.0,753,24.0,752.0,1,0,0,0,1,0,0,0,2.0,1,0,0,0,0,0,0,0,2.0,1,0,0,0,0,0,0,0
2010-06-23,32.0,750,27.0,749.0,1,0,0,0,1,0,0,0,2.0,0,0,1,0,0,0,0,0,2.0,0,0,1,0,0,0,0,0
2010-06-24,33.0,749,23.0,748.0,1,0,0,0,0,1,0,0,2.0,0,0,0,0,0,0,1,0,2.0,0,0,0,0,0,0,1,0
2010-06-25,35.0,749,25.0,748.0,0,1,0,0,1,0,0,0,1.0,0,0,0,0,0,0,0,1,1.0,0,0,0,0,0,0,0,1
2010-06-26,35.0,749,29.0,749.0,0,1,0,0,0,1,0,0,2.0,0,0,0,0,0,0,1,0,2.0,0,0,0,0,0,0,1,0
2010-06-27,36.0,750,29.0,750.0,0,1,0,0,0,1,0,0,1.0,0,0,1,0,0,0,0,0,1.0,0,0,1,0,0,0,0,0
2010-06-28,36.0,747,28.0,749.0,1,0,0,0,0,1,0,0,2.0,0,0,1,0,0,0,0,0,2.0,0,0,1,0,0,0,0,0
2010-06-29,30.0,747,28.0,747.0,0,0,1,0,0,0,1,0,3.0,1,0,0,0,0,0,0,0,3.0,1,0,0,0,0,0,0,0
2010-06-30,25.0,748,21.0,748.0,0,0,0,1,0,0,1,0,1.0,0,0,1,0,0,0,0,0,1.0,0,0,1,0,0,0,0,0
2010-07-01,27.0,749,23.0,749.0,0,1,0,0,1,0,0,0,2.0,0,0,1,0,0,0,0,0,2.0,0,0,1,0,0,0,0,0
2010-07-02,27.0,750,21.0,749.0,1,0,0,0,1,0,0,0,2.0,0,0,0,1,0,0,0,0,2.0,0,0,0,1,0,0,0,0
2010-07-03,29.0,749,26.0,748.0,0,1,0,0,1,0,0,0,3.0,0,0,1,0,0,0,0,0,3.0,0,0,1,0,0,0,0,0
2010-07-04,30.0,746,25.0,746.0,0,1,0,0,1,0,0,0,2.0,0,0,0,0,0,0,0,1,2.0,0,0,0,0,0,0,0,1
2010-07-05,31.0,746,25.0,747.0,0,1,0,0,1,0,0,0,3.0,0,1,0,0,0,0,0,0,3.0,0,1,0,0,0,0,0,0
2010-07-06,30.0,747,26.0,747.0,1,0,0,0,1,0,0,0,2.0,0,1,0,0,0,0,0,0,2.0,0,1,0,0,0,0,0,0
2010-07-07,31.0,746,27.0,746.0,1,0,0,0,1,0,0,0,2.0,0,0,1,0,0,0,0,0,2.0,0,0,1,0,0,0,0,0
2010-07-08,32.0,749,25.0,749.0,0,1,0,0,1,0,0,0,2.0,0,0,1,0,0,0,0,0,2.0,0,0,1,0,0,0,0,0
2010-07-09,34.0,749,26.0,749.0,0,1,0,0,0,0,1,0,2.0,0,0,0,0,0,0,1,0,2.0,0,0,0,0,0,0,1,0
2010-07-10,35.0,749,28.0,749.0,0,0,1,0,0,1,0,0,3.0,0,0,0,0,0,0,1,0,3.0,0,0,0,0,0,0,1,0
2010-07-11,36.0,748,29.0,748.0,0,1,0,0,0,1,0,0,2.0,0,0,0,0,0,0,1,0,2.0,0,0,0,0,0,0,1,0
2010-07-12,33.0,746,29.0,746.0,0,1,0,0,1,0,0,0,3.0,0,1,0,0,0,0,0,0,3.0,0,1,0,0,0,0,0,0
2010-07-13,27.0,745,22.0,744.0,0,1,0,0,1,0,0,0,3.0,1,0,0,0,0,0,0,0,3.0,1,0,0,0,0,0,0,0
2010-07-14,26.0,745,22.0,744.0,1,0,0,0,1,0,0,0,4.0,0,1,0,0,0,0,0,0,4.0,0,1,0,0,0,0,0,0
2010-07-15,26.0,745,26.0,745.0,0,0,0,1,1,0,0,0,3.0,1,0,0,0,0,0,0,0,3.0,1,0,0,0,0,0,0,0
2010-07-16,31.0,746,28.0,746.0,1,0,0,0,1,0,0,0,5.0,0,1,0,0,0,0,0,0,5.0,0,1,0,0,0,0,0,0
2010-07-17,35.0,744,30.0,746.0,0,0,1,0,1,0,0,0,3.0,1,0,0,0,0,0,0,0,3.0,1,0,0,0,0,0,0,0
2010-07-18,35.0,745,22.0,746.0,0,1,0,0,1,0,0,0,2.0,0,0,0,0,0,0,1,0,2.0,0,0,0,0,0,0,1,0
2010-07-19,28.0,749,24.0,749.0,1,0,0,0,1,0,0,0,2.0,0,0,1,0,0,0,0,0,2.0,0,0,1,0,0,0,0,0
2010-07-20,29.0,752,21.0,750.0,1,0,0,0,1,0,0,0,3.0,0,0,0,0,0,1,0,0,3.0,0,0,0,0,0,1,0,0
2010-07-21,34.0,750,24.0,749.0,1,0,0,0,0,1,0,0,3.0,0,0,0,0,0,1,0,0,3.0,0,0,0,0,0,1,0,0
2010-07-22,35.0,750,30.0,750.0,0,1,0,0,1,0,0,0,1.0,0,1,0,0,0,0,0,0,1.0,0,1,0,0,0,0,0,0
2010-07-23,35.0,751,27.0,750.0,1,0,0,0,1,0,0,0,2.0,0,0,0,0,0,0,1,0,2.0,0,0,0,0,0,0,1,0
2010-07-24,37.0,749,32.0,749.0,0,1,0,0,1,0,0,0,1.0,0,1,0,0,0,0,0,0,1.0,0,1,0,0,0,0,0,0
2010-07-25,36.0,749,26.0,750.0,0,1,0,0,1,0,0,0,2.0,0,0,0,1,0,0,0,0,2.0,0,0,0,1,0,0,0,0
2010-07-26,38.0,752,31.0,752.0,0,1,0,0,1,0,0,0,2.0,1,0,0,0,0,0,0,0,2.0,1,0,0,0,0,0,0,0
2010-07-27,35.0,754,31.0,754.0,1,0,0,0,1,0,0,0,1.0,0,0,1,0,0,0,0,0,1.0,0,0,1,0,0,0,0,0
2010-07-28,36.0,752,32.0,752.0,1,0,0,0,1,0,0,0,2.0,0,0,0,0,0,0,0,1,2.0,0,0,0,0,0,0,0,1
2010-07-29,38.0,752,32.0,752.0,1,0,0,0,1,0,0,0,2.0,0,0,1,0,0,0,0,0,2.0,0,0,1,0,0,0,0,0
2010-07-30,38.0,751,32.0,752.0,0,1,0,0,0,1,0,0,1.0,0,0,0,0,1,0,0,0,1.0,0,0,0,0,1,0,0,0
2010-07-31,38.0,752,31.0,752.0,1,0,0,0,1,0,0,0,1.0,0,0,0,0,0,0,1,0,1.0,0,0,0,0,0,0,1,0
2010-08-01,39.0,752,32.0,752.0,0,1,0,0,1,0,0,0,2.0,0,0,0,0,0,1,0,0,2.0,0,0,0,0,0,1,0,0
2010-08-02,40.0,751,29.0,750.0,0,1,0,0,0,0,1,0,2.0,0,0,0,0,0,0,0,1,2.0,0,0,0,0,0,0,0,1
2010-08-03,38.0,749,33.0,749.0,1,0,0,0,0,1,0,0,2.0,0,0,1,0,0,0,0,0,2.0,0,0,1,0,0,0,0,0
2010-08-04,36.0,749,32.0,749.0,1,0,0,0,1,0,0,0,1.0,0,1,0,0,0,0,0,0,1.0,0,1,0,0,0,0,0,0
2010-08-05,35.0,752,29.0,752.0,1,0,0,0,1,0,0,0,1.0,0,1,0,0,0,0,0,0,1.0,0,1,0,0,0,0,0,0
2010-08-06,36.0,753,27.0,753.0,1,0,0,0,1,0,0,0,2.0,0,0,0,1,0,0,0,0,2.0,0,0,0,1,0,0,0,0
2010-08-07,37.0,752,26.0,752.0,0,1,0,0,1,0,0,0,1.0,0,0,0,0,0,0,1,0,1.0,0,0,0,0,0,0,1,0
2010-08-08,37.0,751,31.0,751.0,0,1,0,0,0,1,0,0,3.0,1,0,0,0,0,0,0,0,3.0,1,0,0,0,0,0,0,0
2010-08-09,34.0,752,29.0,752.0,1,0,0,0,1,0,0,0,3.0,0,1,0,0,0,0,0,0,3.0,0,1,0,0,0,0,0,0
2010-08-10,35.0,752,28.0,752.0,1,0,0,0,1,0,0,0,2.0,0,0,1,0,0,0,0,0,2.0,0,0,1,0,0,0,0,0
2010-08-11,34.0,752,28.0,753.0,1,0,0,0,1,0,0,0,1.0,0,0,0,0,0,1,0,0,1.0,0,0,0,0,0,1,0,0
2010-08-12,36.0,752,25.0,751.0,1,0,0,0,1,0,0,0,2.0,0,0,0,1,0,0,0,0,2.0,0,0,0,1,0,0,0,0
2010-08-13,36.0,751,30.0,752.0,0,1,0,0,1,0,0,0,2.0,0,0,0,1,0,0,0,0,2.0,0,0,0,1,0,0,0,0
2010-08-14,32.0,752,25.0,752.0,0,1,0,0,0,1,0,0,3.0,0,1,0,0,0,0,0,0,3.0,0,1,0,0,0,0,0,0
2010-08-15,27.0,752,23.0,750.0,1,0,0,0,1,0,0,0,3.0,1,0,0,0,0,0,0,0,3.0,1,0,0,0,0,0,0,0
2010-08-16,29.0,749,21.0,747.0,1,0,0,0,1,0,0,0,2.0,0,0,0,0,0,0,1,0,2.0,0,0,0,0,0,0,1,0
2010-08-17,29.0,746,23.0,746.0,0,1,0,0,1,0,0,0,4.0,0,0,0,0,0,0,0,1,4.0,0,0,0,0,0,0,0,1
2010-08-18,29.0,746,27.0,743.0,1,0,0,0,1,0,0,0,3.0,0,0,0,0,0,0,1,0,3.0,0,0,0,0,0,0,1,0
2010-08-19,31.0,739,26.0,737.0,0,1,0,0,0,0,1,0,4.0,0,0,0,0,0,1,0,0,4.0,0,0,0,0,0,1,0,0
2010-08-20,27.0,737,20.0,735.0,0,1,0,0,0,0,1,0,5.0,0,0,0,0,0,1,0,0,5.0,0,0,0,0,0,1,0,0
2010-08-21,12.0,742,13.0,743.0,0,0,0,1,0,1,0,0,4.0,1,0,0,0,0,0,0,0,4.0,1,0,0,0,0,0,0,0
2010-08-22,18.0,748,14.0,748.0,0,0,1,0,0,0,1,0,3.0,0,0,0,0,0,0,0,1,3.0,0,0,0,0,0,0,0,1
2010-08-23,25.0,743,20.0,742.0,0,1,0,0,0,1,0,0,3.0,0,0,0,0,0,0,1,0,3.0,0,0,0,0,0,0,1,0
2010-08-24,23.0,743,21.0,743.0,0,1,0,0,1,0,0,0,2.0,0,0,0,0,0,0,1,0,2.0,0,0,0,0,0,0,1,0
2010-08-25,27.0,743,26.0,743.0,0,0,1,0,0,1,0,0,3.0,0,0,0,0,0,0,1,0,3.0,0,0,0,0,0,0,1,0
2010-08-26,31.0,741,21.0,740.0,0,1,0,0,0,1,0,0,1.0,0,0,0,0,0,1,0,0,1.0,0,0,0,0,0,1,0,0
2010-08-27,23.0,743,18.0,743.0,0,1,0,0,0,1,0,0,2.0,0,0,0,0,0,1,0,0,2.0,0,0,0,0,0,1,0,0
2010-08-28,24.0,745,22.0,743.0,0,1,0,0,0,0,1,0,2.0,0,0,0,0,0,0,1,0,2.0,0,0,0,0,0,0,1,0
2010-08-29,32.0,742,28.0,742.0,0,1,0,0,0,0,1,0,4.0,0,0,0,0,0,1,0,0,4.0,0,0,0,0,0,1,0,0
2010-08-30,28.0,741,17.0,745.0,0,1,0,0,1,0,0,0,3.0,0,0,0,0,0,0,0,1,3.0,0,0,0,0,0,0,0,1
2010-08-31,20.0,750,11.0,753.0,1,0,0,0,1,0,0,0,1.0,0,1,0,0,0,0,0,0,1.0,0,1,0,0,0,0,0,0
2010-09-01,19.0,755,16.0,755.0,1,0,0,0,1,0,0,0,2.0,0,0,1,0,0,0,0,0,2.0,0,0,1,0,0,0,0,0
2010-09-02,29.0,752,23.0,752.0,1,0,0,0,1,0,0,0,6.0,0,0,1,0,0,0,0,0,6.0,0,0,1,0,0,0,0,0
2010-09-03,29.0,750,24.0,751.0,1,0,0,0,1,0,0,0,2.0,0,1,0,0,0,0,0,0,2.0,0,1,0,0,0,0,0,0
2010-09-04,23.0,753,0.0,0.0,1,0,0,0,0,0,0,0,2.0,0,0,0,0,0,0,1,0,0.0,0,0,0,0,0,0,0,0
2010-09-05,19.0,753,17.0,752.0,0,0,0,1,0,0,1,0,1.0,1,0,0,0,0,0,0,0,1.0,1,0,0,0,0,0,0,0
2010-09-06,19.0,747,11.0,748.0,0,0,1,0,0,0,1,0,3.0,1,0,0,0,0,0,0,0,3.0,1,0,0,0,0,0,0,0
2010-09-07,13.0,751,9.0,752.0,0,0,1,0,1,0,0,0,4.0,0,0,0,0,0,0,0,1,4.0,0,0,0,0,0,0,0,1
2010-09-08,15.0,755,11.0,754.0,1,0,0,0,0,1,0,0,1.0,0,0,0,0,0,0,0,1,1.0,0,0,0,0,0,0,0,1
2010-09-09,17.0,754,14.0,754.0,0,0,1,0,0,0,1,0,3.0,0,1,0,0,0,0,0,0,3.0,0,1,0,0,0,0,0,0
2010-09-10,18.0,755,14.0,755.0,0,1,0,0,0,0,1,0,3.0,0,0,0,0,0,0,1,0,3.0,0,0,0,0,0,0,1,0
2010-09-11,17.0,758,12.0,757.0,1,0,0,0,0,0,1,0,2.0,0,1,0,0,0,0,0,0,2.0,0,1,0,0,0,0,0,0
2010-09-12,20.0,755,16.0,754.0,0,1,0,0,0,0,1,0,2.0,0,0,0,0,0,0,1,0,2.0,0,0,0,0,0,0,1,0
2010-09-13,15.0,753,13.0,754.0,0,0,1,0,1,0,0,0,2.0,0,0,1,0,0,0,0,0,2.0,0,0,1,0,0,0,0,0
2010-09-14,17.0,757,11.0,756.0,1,0,0,0,1,0,0,0,2.0,0,0,1,0,0,0,0,0,2.0,0,0,1,0,0,0,0,0
2010-09-15,19.0,757,13.0,755.0,1,0,0,0,1,0,0,0,2.0,0,0,0,0,0,0,1,0,2.0,0,0,0,0,0,0,1,0
2010-09-16,23.0,755,17.0,755.0,1,0,0,0,1,0,0,0,3.0,0,0,0,0,0,0,1,0,3.0,0,0,0,0,0,0,1,0
2010-09-17,25.0,753,20.0,753.0,1,0,0,0,1,0,0,0,3.0,0,0,0,0,0,1,0,0,3.0,0,0,0,0,0,1,0,0
2010-09-18,25.0,753,20.0,752.0,1,0,0,0,1,0,0,0,2.0,0,0,0,0,1,0,0,0,2.0,0,0,0,0,1,0,0,0
2010-09-19,25.0,752,21.0,752.0,1,0,0,0,1,0,0,0,3.0,0,0,0,0,0,1,0,0,3.0,0,0,0,0,0,1,0,0
2010-09-20,26.0,753,21.0,752.0,0,1,0,0,0,1,0,0,4.0,0,0,0,0,0,1,0,0,4.0,0,0,0,0,0,1,0,0
2010-09-21,26.0,752,17.0,753.0,0,1,0,0,0,1,0,0,2.0,0,0,0,0,0,0,1,0,2.0,0,0,0,0,0,0,1,0
2010-09-22,24.0,752,21.0,750.0,0,1,0,0,0,0,0,1,2.0,0,0,1,0,0,0,0,0,2.0,0,0,1,0,0,0,0,0
2010-09-23,16.0,747,14.0,746.0,0,0,0,1,0,0,0,1,2.0,0,0,0,1,0,0,0,0,2.0,0,0,0,1,0,0,0,0
2010-09-24,12.0,746,11.0,747.0,0,0,0,1,0,0,1,0,2.0,0,0,0,0,0,0,0,1,2.0,0,0,0,0,0,0,0,1
2010-09-25,13.0,745,11.0,752.0,0,1,0,0,0,0,1,0,3.0,1,0,0,0,0,0,0,0,3.0,1,0,0,0,0,0,0,0
2010-09-26,19.0,752,12.0,752.0,1,0,0,0,1,0,0,0,2.0,0,0,0,0,0,0,1,0,2.0,0,0,0,0,0,0,1,0
2010-09-27,20.0,750,14.0,750.0,1,0,0,0,1,0,0,0,3.0,0,0,0,0,0,0,1,0,3.0,0,0,0,0,0,0,1,0
2010-09-28,20.0,747,18.0,745.0,0,1,0,0,0,1,0,0,2.0,0,0,0,0,0,1,0,0,2.0,0,0,0,0,0,1,0,0
2010-09-29,21.0,740,14.0,740.0,0,1,0,0,0,0,1,0,3.0,0,0,0,0,0,0,1,0,3.0,0,0,0,0,0,0,1,0
2010-09-30,6.0,746,5.0,747.0,0,0,1,0,1,0,0,0,2.0,0,0,0,0,0,0,0,1,2.0,0,0,0,0,0,0,0,1
2010-10-01,7.0,746,5.0,747.0,0,1,0,0,0,0,1,0,3.0,0,1,0,0,0,0,0,0,3.0,0,1,0,0,0,0,0,0
2010-10-02,9.0,751,4.0,753.0,0,1,0,0,0,0,1,0,3.0,0,1,0,0,0,0,0,0,3.0,0,1,0,0,0,0,0,0
2010-10-03,6.0,758,2.0,760.0,0,0,0,1,0,0,0,1,2.0,0,0,0,0,0,0,1,0,2.0,0,0,0,0,0,0,1,0
2010-10-04,5.0,761,3.0,761.0,0,0,0,1,1,0,0,0,2.0,0,0,0,0,0,0,0,1,2.0,0,0,0,0,0,0,0,1
2010-10-05,3.0,761,3.0,761.0,0,1,0,0,0,1,0,0,1.0,0,1,0,0,0,0,0,0,1.0,0,1,0,0,0,0,0,0
2010-10-06,5.0,761,4.0,761.0,0,1,0,0,0,0,1,0,1.0,0,1,0,0,0,0,0,0,1.0,0,1,0,0,0,0,0,0
2010-10-07,11.0,760,8.0,760.0,1,0,0,0,1,0,0,0,2.0,0,0,0,0,0,0,1,0,2.0,0,0,0,0,0,0,1,0
2010-10-08,13.0,761,6.0,761.0,1,0,0,0,1,0,0,0,1.0,0,0,0,0,0,0,0,1,1.0,0,0,0,0,0,0,0,1
2010-10-09,14.0,757,5.0,755.0,1,0,0,0,1,0,0,0,1.0,0,0,1,0,0,0,0,0,1.0,0,0,1,0,0,0,0,0
2010-10-10,14.0,751,10.0,750.0,1,0,0,0,1,0,0,0,1.0,0,0,0,0,0,0,1,0,1.0,0,0,0,0,0,0,1,0
2010-10-11,14.0,745,11.0,744.0,0,0,1,0,0,0,1,0,3.0,0,0,0,0,1,0,0,0,3.0,0,0,0,0,1,0,0,0
2010-10-12,14.0,736,8.0,733.0,0,0,1,0,0,0,1,0,2.0,0,0,0,1,0,0,0,0,2.0,0,0,0,1,0,0,0,0
2010-10-13,4.0,732,4.0,734.0,0,0,0,1,0,0,0,1,3.0,0,0,0,0,0,1,0,0,3.0,0,0,0,0,0,1,0,0
2010-10-14,2.0,738,3.0,742.0,0,0,0,1,0,0,1,0,4.0,0,0,0,0,0,0,1,0,4.0,0,0,0,0,0,0,1,0
2010-10-15,6.0,745,5.0,745.0,0,0,1,0,0,0,1,0,3.0,0,0,0,0,0,1,0,0,3.0,0,0,0,0,0,1,0,0
2010-10-16,10.0,746,3.0,749.0,1,0,0,0,1,0,0,0,3.0,0,0,0,0,0,0,1,0,3.0,0,0,0,0,0,0,1,0
2010-10-17,5.0,753,1.0,755.0,0,1,0,0,0,0,1,0,2.0,0,0,0,0,0,0,0,1,2.0,0,0,0,0,0,0,0,1
2010-10-18,7.0,758,4.0,758.0,0,0,1,0,0,1,0,0,2.0,0,0,0,0,0,0,1,0,2.0,0,0,0,0,0,0,1,0
2010-10-19,5.0,761,-1.0,763.0,1,0,0,0,1,0,0,0,1.0,0,1,0,0,0,0,0,0,1.0,0,1,0,0,0,0,0,0
2010-10-20,7.0,764,2.0,763.0,1,0,0,0,1,0,0,0,2.0,0,0,0,1,0,0,0,0,2.0,0,0,0,1,0,0,0,0
2010-10-21,1.0,754,3.0,752.0,0,0,0,1,0,0,0,1,4.0,0,0,1,0,0,0,0,0,4.0,0,0,1,0,0,0,0,0
2010-10-22,6.0,749,7.0,751.0,0,0,0,1,0,0,1,0,2.0,0,0,0,0,1,0,0,0,2.0,0,0,0,0,1,0,0,0
2010-10-23,8.0,756,5.0,758.0,0,1,0,0,1,0,0,0,4.0,0,0,0,0,0,1,0,0,4.0,0,0,0,0,0,1,0,0
2010-10-24,8.0,760,4.0,760.0,1,0,0,0,1,0,0,0,1.0,0,0,0,0,1,0,0,0,1.0,0,0,0,0,1,0,0,0
2010-10-25,8.0,758,5.0,758.0,1,0,0,0,1,0,0,0,1.0,0,0,1,0,0,0,0,0,1.0,0,0,1,0,0,0,0,0
2010-10-26,8.0,758,5.0,757.0,1,0,0,0,1,0,0,0,2.0,0,0,0,0,0,1,0,0,2.0,0,0,0,0,0,1,0,0
2010-10-27,8.0,752,7.0,749.0,0,0,1,0,1,0,0,0,2.0,0,0,0,0,1,0,0,0,2.0,0,0,0,0,1,0,0,0
2010-10-28,7.0,744,9.0,743.0,0,0,0,1,0,0,0,1,2.0,0,0,1,0,0,0,0,0,2.0,0,0,1,0,0,0,0,0
2010-10-29,3.0,744,1.0,746.0,0,0,1,0,0,0,0,1,3.0,0,0,0,0,0,0,1,0,3.0,0,0,0,0,0,0,1,0
2010-10-30,1.0,749,1.0,751.0,0,0,0,1,0,0,0,1,2.0,0,0,0,0,0,1,0,0,2.0,0,0,0,0,0,1,0,0
2010-10-31,1.0,755,-1.0,757.0,0,0,0,1,0,0,1,0,2.0,0,1,0,0,0,0,0,0,2.0,0,1,0,0,0,0,0,0
2010-11-01,0.0,755,-3.0,754.0,0,1,0,0,1,0,0,0,2.0,1,0,0,0,0,0,0,0,2.0,1,0,0,0,0,0,0,0
2010-11-02,3.0,750,3.0,750.0,1,0,0,0,0,0,0,1,2.0,0,0,0,0,0,0,1,0,2.0,0,0,0,0,0,0,1,0
2010-11-03,6.0,752,6.0,754.0,0,0,1,0,0,0,0,1,1.0,0,0,0,0,0,0,1,0,1.0,0,0,0,0,0,0,1,0
2010-11-04,8.0,750,8.0,745.0,0,0,0,1,0,0,1,0,2.0,0,0,0,0,1,0,0,0,2.0,0,0,0,0,1,0,0,0
2010-11-05,8.0,739,6.0,737.0,0,1,0,0,0,0,1,0,3.0,0,0,0,0,0,0,1,0,3.0,0,0,0,0,0,0,1,0
2010-11-06,4.0,735,4.0,738.0,0,0,0,1,0,0,1,0,2.0,0,0,0,0,0,0,0,1,2.0,0,0,0,0,0,0,0,1
2010-11-07,2.0,739,1.0,743.0,0,0,0,1,0,1,0,0,1.0,0,1,0,0,0,0,0,0,1.0,0,1,0,0,0,0,0,0
2010-11-08,5.0,754,4.0,755.0,1,0,0,0,1,0,0,0,1.0,0,0,0,0,1,0,0,0,1.0,0,0,0,0,1,0,0,0
2010-11-09,3.0,755,4.0,755.0,0,0,0,1,1,0,0,0,2.0,0,0,0,1,0,0,0,0,2.0,0,0,0,1,0,0,0,0
2010-11-10,7.0,755,6.0,755.0,1,0,0,0,1,0,0,0,1.0,0,0,0,1,0,0,0,0,1.0,0,0,0,1,0,0,0,0
2010-11-11,8.0,750,6.0,749.0,0,0,1,0,0,0,0,1,2.0,0,0,0,0,1,0,0,0,2.0,0,0,0,0,1,0,0,0
2010-11-12,6.0,746,6.0,746.0,0,0,0,1,0,0,0,1,1.0,0,0,0,0,1,0,0,0,1.0,0,0,0,0,1,0,0,0
2010-11-13,8.0,740,9.0,740.0,0,0,0,1,0,0,1,0,3.0,0,0,0,0,0,1,0,0,3.0,0,0,0,0,0,1,0,0
2010-11-14,9.0,741,8.0,744.0,0,0,1,0,0,0,1,0,4.0,0,0,0,0,0,0,1,0,4.0,0,0,0,0,0,0,1,0
2010-11-15,7.0,754,7.0,755.0,0,0,0,1,0,0,1,0,2.0,0,0,0,0,0,0,1,0,2.0,0,0,0,0,0,0,1,0
2010-11-16,13.0,752,10.0,751.0,1,0,0,0,1,0,0,0,4.0,0,0,0,0,0,0,1,0,4.0,0,0,0,0,0,0,1,0
2010-11-17,9.0,754,7.0,757.0,0,1,0,0,0,1,0,0,0.0,0,0,0,0,0,0,0,0,0.0,0,0,0,0,0,0,0,0
2010-11-18,1.0,766,-2.0,767.0,1,0,0,0,1,0,0,0,2.0,0,0,1,0,0,0,0,0,2.0,0,0,1,0,0,0,0,0
2010-11-19,1.0,765,-2.0,763.0,1,0,0,0,1,0,0,0,2.0,0,0,1,0,0,0,0,0,2.0,0,0,1,0,0,0,0,0
2010-11-20,1.0,755,0.0,755.0,0,0,0,1,0,0,0,1,2.0,0,0,0,0,0,1,0,0,2.0,0,0,0,0,0,1,0,0
2010-11-21,-5.0,758,-7.0,757.0,1,0,0,0,1,0,0,0,3.0,0,0,1,0,0,0,0,0,3.0,0,0,1,0,0,0,0,0
2010-11-22,-4.0,752,-2.0,750.0,0,0,0,1,0,0,0,1,2.0,0,0,0,0,1,0,0,0,2.0,0,0,0,0,1,0,0,0
2010-11-23,0.0,749,0.0,749.0,0,0,0,1,0,0,1,0,0.0,0,0,0,0,0,0,0,0,0.0,0,0,0,0,0,0,0,0
2010-11-24,2.0,749,0.0,749.0,0,0,0,1,0,0,0,1,2.0,0,0,0,0,1,0,0,0,2.0,0,0,0,0,1,0,0,0
2010-11-25,8.0,743,7.0,744.0,0,0,0,1,0,0,0,1,3.0,0,0,0,0,0,1,0,0,3.0,0,0,0,0,0,1,0,0
2010-11-26,3.0,744,1.0,747.0,1,0,0,0,0,0,1,0,3.0,0,0,0,0,0,0,1,0,3.0,0,0,0,0,0,0,1,0
2010-11-27,-1.0,746,0.0,742.0,0,1,0,0,0,0,0,1,3.0,0,0,1,0,0,0,0,0,3.0,0,0,1,0,0,0,0,0
2010-11-28,-1.0,740,-1.0,743.0,0,0,0,1,0,0,0,1,4.0,0,0,0,0,0,0,0,1,4.0,0,0,0,0,0,0,0,1
2010-11-29,-2.0,752,-4.0,752.0,0,0,0,1,0,0,0,1,2.0,0,0,0,0,0,0,1,0,2.0,0,0,0,0,0,0,1,0
2010-11-30,1.0,728,-2.0,726.0,1,0,0,0,0,0,0,1,4.0,0,0,1,0,0,0,0,0,4.0,0,0,1,0,0,0,0,0
2010-12-01,-17.0,741,-21.0,746.0,0,1,0,0,0,1,0,0,4.0,0,0,0,0,0,0,0,1,4.0,0,0,0,0,0,0,0,1
2010-12-02,-19.0,756,-21.0,761.0,0,1,0,0,0,1,0,0,1.0,0,0,0,0,0,0,0,1,1.0,0,0,0,0,0,0,0,1
2010-12-03,-16.0,767,-16.0,767.0,1,0,0,0,1,0,0,0,1.0,0,0,0,1,0,0,0,0,1.0,0,0,0,1,0,0,0,0
2010-12-04,-7.0,761,-4.0,758.0,0,0,0,1,0,0,0,1,4.0,0,0,0,1,0,0,0,0,4.0,0,0,0,1,0,0,0,0
2010-12-05,-2.0,752,0.0,750.0,0,0,0,1,0,0,1,0,1.0,0,0,0,0,1,0,0,0,1.0,0,0,0,0,1,0,0,0
2010-12-06,0.0,745,1.0,745.0,0,0,0,1,0,0,0,1,2.0,0,0,0,1,0,0,0,0,2.0,0,0,0,1,0,0,0,0
2010-12-07,-6.0,753,-5.0,754.0,0,0,0,1,0,0,0,1,0.0,0,0,0,0,0,0,0,0,0.0,0,0,0,0,0,0,0,0
2010-12-08,-4.0,753,-4.0,752.0,0,0,1,0,0,0,0,1,2.0,0,0,0,0,1,0,0,0,2.0,0,0,0,0,1,0,0,0
2010-12-09,-1.0,750,-1.0,750.0,0,0,0,1,1,0,0,0,1.0,0,0,0,1,0,0,0,0,1.0,0,0,0,1,0,0,0,0
2010-12-10,0.0,747,0.0,746.0,0,0,1,0,0,0,1,0,3.0,0,0,1,0,0,0,0,0,3.0,0,0,1,0,0,0,0,0
2010-12-11,2.0,746,0.0,748.0,0,1,0,0,1,0,0,0,4.0,0,0,1,0,0,0,0,0,4.0,0,0,1,0,0,0,0,0
2010-12-12,-3.0,749,-4.0,749.0,1,0,0,0,1,0,0,0,3.0,0,0,1,0,0,0,0,0,3.0,0,0,1,0,0,0,0,0
2010-12-13,-3.0,746,-3.0,745.0,1,0,0,0,0,0,1,0,4.0,0,0,1,0,0,0,0,0,4.0,0,0,1,0,0,0,0,0
2010-12-14,-2.0,745,-2.0,746.0,0,0,0,1,0,0,0,1,2.0,0,0,0,1,0,0,0,0,2.0,0,0,0,1,0,0,0,0
2010-12-15,-3.0,749,-2.0,749.0,0,0,0,1,0,0,0,1,2.0,0,0,0,0,0,1,0,0,2.0,0,0,0,0,0,1,0,0
2010-12-16,-5.0,751,-5.0,751.0,0,0,0,1,0,0,0,1,5.0,0,0,0,0,0,1,0,0,5.0,0,0,0,0,0,1,0,0
2010-12-17,-4.0,751,-9.0,752.0,0,1,0,0,1,0,0,0,0.0,0,0,0,0,0,0,0,0,0.0,0,0,0,0,0,0,0,0
2010-12-18,-11.0,752,-12.0,752.0,1,0,0,0,1,0,0,0,1.0,0,1,0,0,0,0,0,0,1.0,0,1,0,0,0,0,0,0
2010-12-19,-11.0,755,-13.0,755.0,0,1,0,0,0,0,1,0,2.0,0,0,1,0,0,0,0,0,2.0,0,0,1,0,0,0,0,0
2010-12-20,-12.0,754,-10.0,754.0,0,0,0,1,0,0,0,1,4.0,0,0,0,1,0,0,0,0,4.0,0,0,0,1,0,0,0,0
2010-12-21,-5.0,756,-3.0,752.0,0,0,0,1,0,0,0,1,3.0,0,0,1,0,0,0,0,0,3.0,0,0,1,0,0,0,0,0
2010-12-22,-2.0,753,-4.0,753.0,0,0,0,1,0,0,0,1,0.0,0,0,0,0,0,0,0,0,0.0,0,0,0,0,0,0,0,0
2010-12-23,-5.0,751,-8.0,751.0,0,0,1,0,0,1,0,0,0.0,0,0,0,0,0,0,0,0,0.0,0,0,0,0,0,0,0,0
2010-12-24,-10.0,757,-11.0,755.0,0,0,1,0,0,0,0,1,1.0,0,0,1,0,0,0,0,0,1.0,0,0,1,0,0,0,0,0
2010-12-25,-2.0,750,1.0,749.0,0,1,0,0,1,0,0,0,0.0,0,0,0,0,0,0,0,0,0.0,0,0,0,0,0,0,0,0
2010-12-26,2.0,749,0.0,751.0,0,0,0,1,0,1,0,0,1.0,0,0,0,1,0,0,0,0,1.0,0,0,0,1,0,0,0,0
2010-12-27,3.0,749,3.0,749.0,1,0,0,0,0,0,0,1,1.0,0,0,0,0,1,0,0,0,1.0,0,0,0,0,1,0,0,0
2010-12-28,1.0,752,-4.0,755.0,1,0,0,0,0,0,0,1,0.0,0,0,0,0,0,0,0,0,0.0,0,0,0,0,0,0,0,0
2010-12-29,-5.0,760,-6.0,761.0,0,0,0,1,0,0,1,0,2.0,0,0,1,0,0,0,0,0,2.0,0,0,1,0,0,0,0,0
2010-12-30,1.0,761,-1.0,760.0,0,1,0,0,0,0,1,0,5.0,0,0,1,0,0,0,0,0,5.0,0,0,1,0,0,0,0,0
2010-12-31,-2.0,756,-3.0,756.0,0,0,0,1,0,0,0,1,3.0,0,0,0,1,0,0,0,0,3.0,0,0,0,1,0,0,0,0
