Температура (день),Давление (день),Температура (вечер),Давление (вечер),Облачность (день)-Ясно,Облачность (день)-Малооблачно,Облачность (день)-Переменная облачность,Облачность (день)-Пасмурно,Облачность (вечер)-Ясно,Облачность (вечер)-Малооблачно,Облачность (вечер)-Переменная облачность,Облачность (вечер)-Пасмурно,Ветер (день) (м/с),Ветер (день)-С,Ветер (день)-СВ,Ветер (день)-В,Ветер (день)-ЮВ,Ветер (день)-Ю,Ветер (день)-ЮЗ,Ветер (день)-З,Ветер (день)-СЗ,Ветер (вечер) (м/с),Ветер (вечер)-С,Ветер (вечер)-СВ,Ветер (вечер)-В,Ветер (вечер)-ЮВ,Ветер (вечер)-Ю,Ветер (вечер)-ЮЗ,Ветер (вечер)-З,Ветер (вечер)-СЗ
-20.0,765.0,-22.0,765.0,1,0,0,0,1,0,0,0,2.0,0,0,1,0,0,0,0,0,2.0,0,0,1,0,0,0,0,0
-20.0,764.0,-24.0,764.0,0,1,0,0,1,0,0,0,0.0,0,0,0,0,0,0,0,0,0.0,0,0,0,0,0,0,0,0
-20.0,762.0,-20.0,761.0,0,0,0,1,1,0,0,0,2.0,0,0,0,0,0,0,1,0,2.0,0,0,0,0,0,0,1,0
-9.0,756.0,-7.0,754.0,0,0,0,1,0,0,0,1,3.0,0,0,0,0,0,1,0,0,3.0,0,0,0,0,0,1,0,0
-6.0,751.0,-4.0,752.0,0,0,0,1,0,0,0,1,2.0,0,0,0,0,0,1,0,0,2.0,0,0,0,0,0,1,0,0
-1.0,753.0,-2.0,754.0,0,0,0,1,0,0,0,1,1.0,0,0,0,0,0,0,1,0,1.0,0,0,0,0,0,0,1,0
-1.0,759.0,-2.0,762.0,0,0,0,1,0,0,0,1,0.0,0,0,0,0,0,0,0,0,0.0,0,0,0,0,0,0,0,0
-4.0,765.0,-4.0,765.0,0,0,0,1,0,0,0,1,3.0,0,0,0,0,1,0,0,0,3.0,0,0,0,0,1,0,0,0
-8.0,765.0,-10.0,765.0,0,0,1,0,0,0,0,1,1.0,0,0,0,0,1,0,0,0,1.0,0,0,0,0,1,0,0,0
-9.0,765.0,-12.0,765.0,0,0,0,1,0,0,1,0,0.0,0,0,0,0,0,0,0,0,0.0,0,0,0,0,0,0,0,0
-9.0,762.0,-14.0,762.0,1,0,0,0,1,0,0,0,3.0,0,0,0,0,1,0,0,0,3.0,0,0,0,0,1,0,0,0
-15.0,759.0,-17.0,759.0,0,0,0,1,0,0,1,0,2.0,0,0,1,0,0,0,0,0,2.0,0,0,1,0,0,0,0,0
-13.0,753.0,-11.0,751.0,0,0,0,1,0,0,0,1,4.0,0,0,1,0,0,0,0,0,4.0,0,0,1,0,0,0,0,0
-9.0,751.0,-9.0,751.0,0,0,0,1,0,0,0,1,3.0,0,0,0,0,1,0,0,0,3.0,0,0,0,0,1,0,0,0
-11.0,750.0,-10.0,751.0,0,0,0,1,0,0,0,1,3.0,0,0,1,0,0,0,0,0,3.0,0,0,1,0,0,0,0,0
-8.0,753.0,-10.0,751.0,0,0,0,1,0,0,0,1,1.0,0,0,1,0,0,0,0,0,1.0,0,0,1,0,0,0,0,0
-4.0,742.0,-3.0,741.0,0,0,0,1,0,0,0,1,2.0,0,0,0,0,1,0,0,0,2.0,0,0,0,0,1,0,0,0
-1.0,735.0,-2.0,735.0,0,1,0,0,0,0,0,1,2.0,0,0,1,0,0,0,0,0,2.0,0,0,1,0,0,0,0,0
-1.0,741.0,-3.0,744.0,0,0,0,1,0,0,0,1,3.0,0,0,0,1,0,0,0,0,3.0,0,0,0,1,0,0,0,0
-4.0,749.0,-5.0,750.0,0,0,0,1,0,0,0,1,1.0,0,0,0,0,1,0,0,0,1.0,0,0,0,0,1,0,0,0
-6.0,753.0,-5.0,753.0,0,0,0,1,0,0,1,0,1.0,1,0,0,0,0,0,0,0,1.0,1,0,0,0,0,0,0,0
-7.0,753.0,-11.0,753.0,1,0,0,0,0,0,0,1,1.0,0,0,1,0,0,0,0,0,1.0,0,0,1,0,0,0,0,0
-11.0,753.0,-14.0,753.0,1,0,0,0,0,0,0,1,1.0,0,0,0,1,0,0,0,0,1.0,0,0,0,1,0,0,0,0
-12.0,756.0,-11.0,758.0,0,0,0,1,0,0,0,1,1.0,0,0,1,0,0,0,0,0,1.0,0,0,1,0,0,0,0,0
-6.0,756.0,-5.0,754.0,0,0,0,1,0,0,0,1,1.0,0,0,1,0,0,0,0,0,1.0,0,0,1,0,0,0,0,0
-3.0,756.0,-2.0,754.0,0,0,0,1,0,0,0,1,4.0,0,0,0,0,0,0,1,0,4.0,0,0,0,0,0,0,1,0
-1.0,759.0,-9.0,760.0,0,0,0,1,1,0,0,0,1.0,0,0,0,0,0,0,1,0,1.0,0,0,0,0,0,0,1,0
-6.0,760.0,-9.0,761.0,0,0,1,0,0,1,0,0,2.0,0,0,0,0,0,0,1,0,2.0,0,0,0,0,0,0,1,0
-8.0,765.0,-6.0,767.0,0,0,0,1,0,0,0,1,0.0,0,0,0,0,0,0,0,0,0.0,0,0,0,0,0,0,0,0
-10.0,773.0,-15.0,773.0,1,0,0,0,1,0,0,0,2.0,0,0,1,0,0,0,0,0,2.0,0,0,1,0,0,0,0,0
-14.0,774.0,-18.0,772.0,0,1,0,0,0,0,0,1,3.0,0,0,0,0,0,1,0,0,3.0,0,0,0,0,0,1,0,0
-12.0,762.0,-11.0,762.0,0,0,0,1,0,0,0,1,3.0,0,0,0,0,0,1,0,0,3.0,0,0,0,0,0,1,0,0
-3.0,760.0,-3.0,762.0,0,0,0,1,0,0,0,1,1.0,0,0,0,0,0,1,0,0,1.0,0,0,0,0,0,1,0,0
-5.0,763.0,-7.0,763.0,0,0,1,0,0,0,0,1,1.0,0,0,0,0,0,1,0,0,1.0,0,0,0,0,0,1,0,0
-4.0,758.0,-6.0,755.0,0,0,0,1,0,0,0,1,4.0,0,0,0,0,0,1,0,0,4.0,0,0,0,0,0,1,0,0
-6.0,746.0,-9.0,744.0,0,0,0,1,0,0,1,0,4.0,0,0,0,0,0,1,0,0,4.0,0,0,0,0,0,1,0,0
-13.0,744.0,-13.0,741.0,0,0,0,1,0,0,0,1,2.0,0,0,1,0,0,0,0,0,2.0,0,0,1,0,0,0,0,0
-10.0,741.0,-17.0,744.0,0,0,0,1,0,0,0,1,2.0,0,0,0,0,0,1,0,0,2.0,0,0,0,0,0,1,0,0
-11.0,750.0,-16.0,753.0,0,1,0,0,1,0,0,0,2.0,0,0,0,0,0,0,1,0,2.0,0,0,0,0,0,0,1,0
-14.0,751.0,-15.0,750.0,0,0,1,0,0,0,1,0,3.0,0,0,0,0,0,1,0,0,3.0,0,0,0,0,0,1,0,0
-13.0,746.0,-14.0,744.0,0,0,0,1,0,0,1,0,2.0,0,0,0,1,0,0,0,0,2.0,0,0,0,1,0,0,0,0
-8.0,735.0,-13.0,735.0,0,0,0,1,0,0,0,1,2.0,0,0,0,0,0,0,0,1,2.0,0,0,0,0,0,0,0,1
-8.0,740.0,-10.0,744.0,0,0,1,0,0,1,0,0,4.0,0,0,0,0,0,0,0,1,4.0,0,0,0,0,0,0,0,1
-7.0,750.0,-8.0,746.0,0,0,0,1,0,0,0,1,3.0,0,0,0,0,0,0,1,0,3.0,0,0,0,0,0,0,1,0
1.0,734.0,1.0,732.0,0,0,0,1,0,0,0,1,4.0,0,0,0,0,0,1,0,0,4.0,0,0,0,0,0,1,0,0
3.0,739.0,1.0,741.0,0,1,0,0,0,0,1,0,3.0,0,0,0,0,0,1,0,0,3.0,0,0,0,0,0,1,0,0
0.0,741.0,1.0,738.0,0,0,0,1,0,0,0,1,4.0,0,0,0,0,0,1,0,0,4.0,0,0,0,0,0,1,0,0
0.0,728.0,1.0,735.0,0,0,0,1,0,0,1,0,3.0,0,0,0,0,0,1,0,0,3.0,0,0,0,0,0,1,0,0
2.0,744.0,0.0,745.0,0,1,0,0,0,0,1,0,3.0,0,0,0,0,0,0,1,0,3.0,0,0,0,0,0,0,1,0
2.0,741.0,1.0,740.0,0,0,0,1,0,0,0,1,3.0,0,0,0,0,0,1,0,0,3.0,0,0,0,0,0,1,0,0
2.0,738.0,1.0,740.0,0,0,0,1,0,0,1,0,3.0,0,0,0,0,0,1,0,0,3.0,0,0,0,0,0,1,0,0
3.0,743.0,2.0,742.0,0,0,0,1,0,0,0,1,3.0,0,0,0,0,1,0,0,0,3.0,0,0,0,0,1,0,0,0
2.0,738.0,3.0,737.0,0,0,0,1,0,0,1,0,3.0,0,0,1,0,0,0,0,0,3.0,0,0,1,0,0,0,0,0
2.0,736.0,1.0,738.0,0,1,0,0,1,0,0,0,2.0,0,0,0,0,1,0,0,0,2.0,0,0,0,0,1,0,0,0
1.0,735.0,0.0,735.0,0,1,0,0,0,0,0,1,1.0,0,0,1,0,0,0,0,0,1.0,0,0,1,0,0,0,0,0
1.0,744.0,-1.0,748.0,0,0,0,1,0,0,1,0,3.0,0,0,0,0,0,0,1,0,3.0,0,0,0,0,0,0,1,0
1.0,750.0,-1.0,751.0,0,0,0,1,0,0,0,1,5.0,0,0,0,0,0,1,0,0,5.0,0,0,0,0,0,1,0,0
2.0,747.0,0.0,744.0,0,0,0,1,0,0,0,1,4.0,0,0,0,0,0,1,0,0,4.0,0,0,0,0,0,1,0,0
2.0,742.0,0.0,746.0,0,0,1,0,0,1,0,0,2.0,0,0,0,0,0,0,1,0,2.0,0,0,0,0,0,0,1,0
1.0,753.0,-3.0,754.0,0,0,0,1,0,0,0,1,2.0,1,0,0,0,0,0,0,0,2.0,1,0,0,0,0,0,0,0
-2.0,752.0,-4.0,752.0,0,0,0,1,0,0,0,1,3.0,0,1,0,0,0,0,0,0,3.0,0,1,0,0,0,0,0,0
0.0,752.0,-4.0,752.0,1,0,0,0,1,0,0,0,2.0,1,0,0,0,0,0,0,0,2.0,1,0,0,0,0,0,0,0
0.0,751.0,-3.0,750.0,0,0,1,0,0,1,0,0,2.0,0,0,0,1,0,0,0,0,2.0,0,0,0,1,0,0,0,0
3.0,746.0,-1.0,746.0,0,1,0,0,1,0,0,0,2.0,0,0,0,0,1,0,0,0,2.0,0,0,0,0,1,0,0,0
4.0,744.0,-1.0,744.0,1,0,0,0,1,0,0,0,0.0,0,0,0,0,0,0,0,0,0.0,0,0,0,0,0,0,0,0
4.0,741.0,1.0,741.0,0,0,0,1,0,0,0,1,1.0,0,0,1,0,0,0,0,0,1.0,0,0,1,0,0,0,0,0
0.0,738.0,-1.0,744.0,0,0,0,1,0,0,0,1,1.0,0,0,1,0,0,0,0,0,1.0,0,0,1,0,0,0,0,0
2.0,735.0,1.0,737.0,0,0,0,1,0,0,1,0,3.0,0,0,0,0,0,1,0,0,3.0,0,0,0,0,0,1,0,0
0.0,737.0,1.0,735.0,0,0,0,1,0,1,0,0,2.0,0,0,1,0,0,0,0,0,2.0,0,0,1,0,0,0,0,0
4.0,741.0,2.0,738.0,0,0,0,1,0,0,0,1,1.0,0,0,0,1,0,0,0,0,1.0,0,0,0,1,0,0,0,0
4.0,746.0,2.0,740.0,1,0,0,0,1,0,0,0,4.0,0,0,0,0,0,1,0,0,4.0,0,0,0,0,0,1,0,0
5.0,741.0,3.0,740.0,0,0,0,1,0,0,0,1,4.0,0,0,0,0,0,1,0,0,4.0,0,0,0,0,0,1,0,0
2.0,738.0,1.0,742.0,0,0,0,1,0,0,0,1,1.0,0,0,0,0,0,0,1,0,1.0,0,0,0,0,0,0,1,0
3.0,748.0,2.0,748.0,0,0,1,0,1,0,0,0,1.0,0,0,0,0,1,0,0,0,1.0,0,0,0,0,1,0,0,0
4.0,745.0,2.0,747.0,0,0,0,1,0,1,0,0,2.0,0,0,0,1,0,0,0,0,2.0,0,0,0,1,0,0,0,0
10.0,744.0,5.0,742.0,0,0,1,0,0,0,0,1,2.0,0,0,1,0,0,0,0,0,2.0,0,0,1,0,0,0,0,0
15.0,738.0,10.0,741.0,0,0,0,1,0,1,0,0,3.0,0,0,1,0,0,0,0,0,3.0,0,0,1,0,0,0,0,0
12.0,746.0,10.0,747.0,0,0,0,1,0,0,0,1,2.0,0,0,0,0,0,1,0,0,2.0,0,0,0,0,0,1,0,0
8.0,756.0,5.0,758.0,1,0,0,0,1,0,0,0,2.0,0,0,0,0,0,0,1,0,2.0,0,0,0,0,0,0,1,0
9.0,759.0,5.0,759.0,0,0,0,1,0,1,0,0,2.0,1,0,0,0,0,0,0,0,2.0,1,0,0,0,0,0,0,0
7.0,754.0,5.0,753.0,0,0,0,1,0,0,0,1,4.0,1,0,0,0,0,0,0,0,4.0,1,0,0,0,0,0,0,0
10.0,753.0,5.0,753.0,0,0,0,1,1,0,0,0,2.0,1,0,0,0,0,0,0,0,2.0,1,0,0,0,0,0,0,0
11.0,752.0,5.0,752.0,0,0,1,0,1,0,0,0,4.0,0,1,0,0,0,0,0,0,4.0,0,1,0,0,0,0,0,0
10.0,749.0,6.0,749.0,0,0,0,1,0,0,0,1,3.0,0,1,0,0,0,0,0,0,3.0,0,1,0,0,0,0,0,0
15.0,748.0,10.0,749.0,0,1,0,0,1,0,0,0,4.0,0,1,0,0,0,0,0,0,4.0,0,1,0,0,0,0,0,0
17.0,746.0,11.0,747.0,0,0,0,1,0,0,1,0,2.0,0,1,0,0,0,0,0,0,2.0,0,1,0,0,0,0,0,0
17.0,747.0,14.0,748.0,0,1,0,0,0,0,0,1,2.0,0,0,1,0,0,0,0,0,2.0,0,0,1,0,0,0,0,0
20.0,753.0,16.0,753.0,0,0,1,0,0,1,0,0,2.0,0,0,0,0,0,1,0,0,2.0,0,0,0,0,0,1,0,0
20.0,755.0,16.0,756.0,0,0,1,0,0,1,0,0,3.0,0,0,0,0,1,0,0,0,3.0,0,0,0,0,1,0,0,0
19.0,755.0,14.0,754.0,0,0,1,0,1,0,0,0,3.0,0,0,0,0,1,0,0,0,3.0,0,0,0,0,1,0,0,0
20.0,753.0,15.0,753.0,1,0,0,0,1,0,0,0,3.0,0,0,0,0,1,0,0,0,3.0,0,0,0,0,1,0,0,0
21.0,752.0,17.0,752.0,0,1,0,0,0,0,1,0,2.0,0,0,0,0,1,0,0,0,2.0,0,0,0,0,1,0,0,0
22.0,750.0,14.0,750.0,0,0,1,0,1,0,0,0,3.0,0,0,0,0,1,0,0,0,3.0,0,0,0,0,1,0,0,0
21.0,747.0,17.0,747.0,0,0,0,1,1,0,0,0,2.0,0,0,0,0,0,1,0,0,2.0,0,0,0,0,0,1,0,0
20.0,747.0,13.0,748.0,1,0,0,0,1,0,0,0,2.0,1,0,0,0,0,0,0,0,2.0,1,0,0,0,0,0,0,0
9.0,743.0,5.0,740.0,0,0,0,1,0,0,0,1,4.0,0,0,1,0,0,0,0,0,4.0,0,0,1,0,0,0,0,0
8.0,747.0,3.0,752.0,0,0,1,0,1,0,0,0,3.0,0,0,1,0,0,0,0,0,3.0,0,0,1,0,0,0,0,0
8.0,758.0,5.0,759.0,1,0,0,0,0,1,0,0,2.0,0,0,1,0,0,0,0,0,2.0,0,0,1,0,0,0,0,0
11.0,759.0,7.0,758.0,0,0,1,0,0,0,0,1,3.0,0,0,0,1,0,0,0,0,3.0,0,0,0,1,0,0,0,0
12.0,756.0,9.0,754.0,0,0,0,1,0,0,0,1,4.0,0,0,0,1,0,0,0,0,4.0,0,0,0,1,0,0,0,0
12.0,753.0,10.0,751.0,0,0,0,1,0,0,0,1,2.0,0,0,0,1,0,0,0,0,2.0,0,0,0,1,0,0,0,0
15.0,748.0,10.0,748.0,1,0,0,0,1,0,0,0,2.0,0,0,0,0,0,0,1,0,2.0,0,0,0,0,0,0,1,0
19.0,746.0,14.0,746.0,0,0,1,0,0,0,1,0,2.0,0,0,0,0,1,0,0,0,2.0,0,0,0,0,1,0,0,0
18.0,742.0,13.0,742.0,0,0,0,1,0,0,1,0,2.0,0,0,0,0,0,0,1,0,2.0,0,0,0,0,0,0,1,0
9.0,746.0,9.0,747.0,0,0,0,1,0,0,0,1,3.0,0,0,0,0,0,0,0,1,3.0,0,0,0,0,0,0,0,1
4.0,742.0,5.0,744.0,0,0,0,1,0,0,1,0,2.0,1,0,0,0,0,0,0,0,2.0,1,0,0,0,0,0,0,0
13.0,750.0,11.0,752.0,0,0,1,0,0,1,0,0,3.0,0,0,0,0,0,1,0,0,3.0,0,0,0,0,0,1,0,0
16.0,752.0,10.0,753.0,0,0,1,0,1,0,0,0,3.0,0,0,0,0,0,1,0,0,3.0,0,0,0,0,0,1,0,0
14.0,755.0,8.0,753.0,0,1,0,0,1,0,0,0,4.0,0,0,0,0,0,0,0,1,4.0,0,0,0,0,0,0,0,1
15.0,752.0,9.0,752.0,0,1,0,0,1,0,0,0,1.0,0,0,0,0,0,0,1,0,1.0,0,0,0,0,0,0,1,0
17.0,752.0,12.0,753.0,0,1,0,0,1,0,0,0,2.0,0,0,0,0,0,0,0,1,2.0,0,0,0,0,0,0,0,1
20.0,754.0,15.0,755.0,0,1,0,0,1,0,0,0,2.0,0,0,0,0,0,0,1,0,2.0,0,0,0,0,0,0,1,0
21.0,752.0,16.0,750.0,0,0,1,0,0,0,0,1,2.0,0,0,0,0,0,0,1,0,2.0,0,0,0,0,0,0,1,0
14.0,751.0,8.0,753.0,0,0,0,1,0,0,0,1,4.0,0,1,0,0,0,0,0,0,4.0,0,1,0,0,0,0,0,0
13.0,754.0,9.0,754.0,0,1,0,0,1,0,0,0,4.0,1,0,0,0,0,0,0,0,4.0,1,0,0,0,0,0,0,0
15.0,755.0,8.0,754.0,1,0,0,0,1,0,0,0,2.0,0,1,0,0,0,0,0,0,2.0,0,1,0,0,0,0,0,0
17.0,752.0,11.0,751.0,1,0,0,0,1,0,0,0,1.0,0,0,0,0,0,0,1,0,1.0,0,0,0,0,0,0,1,0
19.0,746.0,14.0,744.0,1,0,0,0,1,0,0,0,2.0,0,0,0,0,0,0,1,0,2.0,0,0,0,0,0,0,1,0
20.0,742.0,16.0,743.0,0,0,1,0,0,0,1,0,2.0,0,0,0,0,0,0,1,0,2.0,0,0,0,0,0,0,1,0
20.0,741.0,15.0,743.0,0,0,0,1,0,0,0,1,3.0,1,0,0,0,0,0,0,0,3.0,1,0,0,0,0,0,0,0
19.0,746.0,12.0,748.0,0,0,1,0,0,0,1,0,2.0,0,0,0,0,0,0,1,0,2.0,0,0,0,0,0,0,1,0
20.0,751.0,14.0,752.0,0,1,0,0,0,1,0,0,2.0,0,0,0,0,0,0,1,0,2.0,0,0,0,0,0,0,1,0
24.0,748.0,19.0,748.0,0,0,0,1,0,0,0,1,3.0,0,0,1,0,0,0,0,0,3.0,0,0,1,0,0,0,0,0
24.0,745.0,15.0,745.0,1,0,0,0,1,0,0,0,2.0,1,0,0,0,0,0,0,0,2.0,1,0,0,0,0,0,0,0
21.0,744.0,15.0,744.0,0,0,1,0,0,1,0,0,3.0,0,0,0,0,0,1,0,0,3.0,0,0,0,0,0,1,0,0
12.0,738.0,11.0,736.0,0,0,0,1,0,0,0,1,1.0,0,0,1,0,0,0,0,0,1.0,0,0,1,0,0,0,0,0
10.0,741.0,7.0,744.0,0,0,1,0,1,0,0,0,4.0,0,0,0,0,0,1,0,0,4.0,0,0,0,0,0,1,0,0
13.0,749.0,11.0,750.0,0,0,1,0,0,1,0,0,3.0,0,0,0,0,0,0,1,0,3.0,0,0,0,0,0,0,1,0
21.0,749.0,18.0,749.0,0,0,0,1,1,0,0,0,3.0,0,0,0,0,0,1,0,0,3.0,0,0,0,0,0,1,0,0
22.0,751.0,18.0,752.0,0,1,0,0,0,1,0,0,1.0,0,0,0,0,0,0,1,0,1.0,0,0,0,0,0,0,1,0
27.0,752.0,21.0,752.0,0,1,0,0,1,0,0,0,3.0,0,0,0,0,0,1,0,0,3.0,0,0,0,0,0,1,0,0
29.0,752.0,21.0,751.0,0,1,0,0,1,0,0,0,2.0,0,0,0,0,0,1,0,0,2.0,0,0,0,0,0,1,0,0
29.0,750.0,21.0,750.0,0,1,0,0,0,1,0,0,1.0,0,0,0,0,0,1,0,0,1.0,0,0,0,0,0,1,0,0
29.0,748.0,19.0,748.0,0,1,0,0,0,0,0,1,1.0,0,0,0,0,0,1,0,0,1.0,0,0,0,0,0,1,0,0
18.0,751.0,17.0,752.0,0,0,1,0,0,0,1,0,4.0,1,0,0,0,0,0,0,0,4.0,1,0,0,0,0,0,0,0
20.0,748.0,22.0,745.0,0,1,0,0,0,0,1,0,2.0,0,0,1,0,0,0,0,0,2.0,0,0,1,0,0,0,0,0
25.0,744.0,20.0,743.0,0,0,0,1,0,0,0,1,2.0,0,0,0,0,0,0,1,0,2.0,0,0,0,0,0,0,1,0
22.0,739.0,16.0,741.0,0,0,0,1,0,0,0,1,2.0,0,0,0,0,0,0,0,1,2.0,0,0,0,0,0,0,0,1
17.0,744.0,15.0,744.0,0,0,0,1,0,0,0,1,2.0,1,0,0,0,0,0,0,0,2.0,1,0,0,0,0,0,0,0
10.0,742.0,9.0,741.0,0,0,0,1,0,0,0,1,3.0,1,0,0,0,0,0,0,0,3.0,1,0,0,0,0,0,0,0
11.0,738.0,10.0,739.0,0,0,0,1,0,0,0,1,2.0,0,0,0,0,0,0,0,1,2.0,0,0,0,0,0,0,0,1
19.0,740.0,13.0,741.0,0,0,0,1,0,1,0,0,2.0,0,0,0,0,0,0,1,0,2.0,0,0,0,0,0,0,1,0
12.0,740.0,12.0,740.0,0,0,0,1,0,1,0,0,1.0,0,1,0,0,0,0,0,0,1.0,0,1,0,0,0,0,0,0
16.0,742.0,11.0,744.0,0,0,1,0,0,1,0,0,2.0,0,0,0,0,0,0,1,0,2.0,0,0,0,0,0,0,1,0
13.0,747.0,11.0,748.0,0,0,0,1,0,0,1,0,1.0,0,0,0,0,0,0,1,0,1.0,0,0,0,0,0,0,1,0
19.0,747.0,12.0,748.0,0,0,1,0,0,0,1,0,0.0,0,0,0,0,0,0,0,0,0.0,0,0,0,0,0,0,0,0
19.0,746.0,16.0,746.0,0,0,0,1,0,0,1,0,1.0,0,0,0,0,0,0,1,0,1.0,0,0,0,0,0,0,1,0
16.0,739.0,12.0,740.0,0,0,1,0,0,0,0,1,3.0,0,0,0,0,0,1,0,0,3.0,0,0,0,0,0,1,0,0
14.0,743.0,11.0,743.0,0,0,1,0,0,1,0,0,3.0,0,0,0,0,0,0,0,1,3.0,0,0,0,0,0,0,0,1
12.0,744.0,8.0,746.0,0,0,1,0,0,0,0,1,3.0,1,0,0,0,0,0,0,0,3.0,1,0,0,0,0,0,0,0
9.0,749.0,7.0,749.0,0,0,0,1,0,0,0,1,3.0,1,0,0,0,0,0,0,0,3.0,1,0,0,0,0,0,0,0
14.0,748.0,14.0,746.0,0,1,0,0,0,0,0,1,4.0,0,0,0,0,0,1,0,0,4.0,0,0,0,0,0,1,0,0
21.0,741.0,16.0,741.0,0,0,0,1,0,1,0,0,4.0,0,0,0,0,0,1,0,0,4.0,0,0,0,0,0,1,0,0
20.0,746.0,16.0,745.0,0,1,0,0,1,0,0,0,2.0,0,0,0,0,0,1,0,0,2.0,0,0,0,0,0,1,0,0
28.0,747.0,23.0,746.0,0,0,1,0,1,0,0,0,2.0,0,0,0,0,0,0,1,0,2.0,0,0,0,0,0,0,1,0
27.0,747.0,22.0,745.0,0,0,0,1,0,0,1,0,1.0,0,0,1,0,0,0,0,0,1.0,0,0,1,0,0,0,0,0
26.0,745.0,22.0,744.0,0,0,0,1,0,0,0,1,1.0,1,0,0,0,0,0,0,0,1.0,1,0,0,0,0,0,0,0
27.0,744.0,23.0,744.0,0,1,0,0,0,1,0,0,3.0,1,0,0,0,0,0,0,0,3.0,1,0,0,0,0,0,0,0
30.0,745.0,24.0,745.0,0,1,0,0,0,0,0,1,1.0,0,0,0,1,0,0,0,0,1.0,0,0,0,1,0,0,0,0
25.0,746.0,22.0,744.0,0,0,0,1,0,1,0,0,0.0,0,0,0,0,0,0,0,0,0.0,0,0,0,0,0,0,0,0
27.0,744.0,23.0,744.0,0,0,0,1,0,0,1,0,1.0,0,0,0,0,0,0,1,0,1.0,0,0,0,0,0,0,1,0
27.0,745.0,22.0,746.0,0,0,0,1,0,0,0,1,1.0,1,0,0,0,0,0,0,0,1.0,1,0,0,0,0,0,0,0
23.0,747.0,21.0,748.0,0,0,0,1,0,0,1,0,3.0,0,1,0,0,0,0,0,0,3.0,0,1,0,0,0,0,0,0
26.0,747.0,23.0,746.0,0,1,0,0,0,1,0,0,3.0,0,1,0,0,0,0,0,0,3.0,0,1,0,0,0,0,0,0
31.0,742.0,26.0,741.0,1,0,0,0,0,0,0,1,3.0,0,0,1,0,0,0,0,0,3.0,0,0,1,0,0,0,0,0
25.0,741.0,21.0,741.0,0,0,0,1,0,0,0,1,2.0,0,0,0,0,0,1,0,0,2.0,0,0,0,0,0,1,0,0
22.0,740.0,20.0,739.0,0,0,0,1,0,0,1,0,2.0,0,1,0,0,0,0,0,0,2.0,0,1,0,0,0,0,0,0
17.0,738.0,17.0,738.0,0,0,0,1,0,0,0,1,1.0,0,0,1,0,0,0,0,0,1.0,0,0,1,0,0,0,0,0
20.0,740.0,15.0,742.0,0,0,1,0,0,1,0,0,2.0,0,0,0,0,0,0,1,0,2.0,0,0,0,0,0,0,1,0
20.0,745.0,15.0,746.0,0,0,1,0,0,1,0,0,3.0,0,0,0,0,0,0,0,1,3.0,0,0,0,0,0,0,0,1
23.0,747.0,16.0,747.0,0,1,0,0,0,1,0,0,2.0,0,0,0,0,0,0,0,1,2.0,0,0,0,0,0,0,0,1
21.0,744.0,16.0,744.0,0,0,0,1,0,1,0,0,2.0,0,0,0,0,0,1,0,0,2.0,0,0,0,0,0,1,0,0
21.0,739.0,19.0,738.0,0,0,0,1,0,0,0,1,1.0,0,0,1,0,0,0,0,0,1.0,0,0,1,0,0,0,0,0
19.0,738.0,17.0,738.0,0,0,0,1,0,0,0,1,1.0,0,0,0,0,0,0,1,0,1.0,0,0,0,0,0,0,1,0
21.0,738.0,18.0,738.0,0,0,0,1,0,0,0,1,0.0,0,0,0,0,0,0,0,0,0.0,0,0,0,0,0,0,0,0
21.0,738.0,19.0,738.0,0,0,1,0,0,0,1,0,2.0,1,0,0,0,0,0,0,0,2.0,1,0,0,0,0,0,0,0
23.0,739.0,19.0,739.0,0,0,0,1,0,0,0,1,2.0,0,1,0,0,0,0,0,0,2.0,0,1,0,0,0,0,0,0
24.0,738.0,18.0,738.0,0,0,0,1,0,0,1,0,2.0,0,0,1,0,0,0,0,0,2.0,0,0,1,0,0,0,0,0
27.0,741.0,24.0,741.0,0,1,0,0,0,0,1,0,1.0,0,0,0,1,0,0,0,0,1.0,0,0,0,1,0,0,0,0
28.0,743.0,21.0,744.0,0,0,1,0,0,0,1,0,3.0,0,0,0,0,1,0,0,0,3.0,0,0,0,0,1,0,0,0
24.0,746.0,23.0,744.0,0,0,0,1,0,0,0,1,1.0,0,1,0,0,0,0,0,0,1.0,0,1,0,0,0,0,0,0
26.0,743.0,22.0,743.0,0,0,0,1,0,1,0,0,2.0,1,0,0,0,0,0,0,0,2.0,1,0,0,0,0,0,0,0
26.0,744.0,22.0,743.0,0,0,1,0,1,0,0,0,3.0,0,0,0,0,1,0,0,0,3.0,0,0,0,0,1,0,0,0
28.0,744.0,24.0,744.0,0,0,1,0,0,1,0,0,2.0,0,0,0,0,0,1,0,0,2.0,0,0,0,0,0,1,0,0
21.0,742.0,19.0,742.0,0,0,0,1,0,1,0,0,2.0,0,0,0,0,1,0,0,0,2.0,0,0,0,0,1,0,0,0
23.0,744.0,18.0,745.0,0,0,1,0,0,0,1,0,2.0,0,0,0,0,0,0,0,1,2.0,0,0,0,0,0,0,0,1
27.0,748.0,23.0,748.0,1,0,0,0,1,0,0,0,2.0,0,0,0,0,0,0,1,0,2.0,0,0,0,0,0,0,1,0
30.0,748.0,25.0,747.0,0,1,0,0,1,0,0,0,2.0,0,0,0,0,0,0,0,1,2.0,0,0,0,0,0,0,0,1
32.0,746.0,24.0,745.0,0,0,1,0,0,0,0,1,1.0,1,0,0,0,0,0,0,0,1.0,1,0,0,0,0,0,0,0
32.0,746.0,27.0,747.0,0,0,1,0,1,0,0,0,2.0,1,0,0,0,0,0,0,0,2.0,1,0,0,0,0,0,0,0
31.0,748.0,25.0,747.0,1,0,0,0,1,0,0,0,3.0,0,0,1,0,0,0,0,0,3.0,0,0,1,0,0,0,0,0
31.0,747.0,22.0,746.0,1,0,0,0,0,0,0,1,2.0,0,0,1,0,0,0,0,0,2.0,0,0,1,0,0,0,0,0
31.0,744.0,28.0,744.0,0,0,1,0,0,0,1,0,1.0,0,0,1,0,0,0,0,0,1.0,0,0,1,0,0,0,0,0
25.0,747.0,22.0,747.0,0,0,0,1,0,0,0,1,1.0,0,0,0,0,1,0,0,0,1.0,0,0,0,0,1,0,0,0
28.0,748.0,24.0,748.0,0,1,0,0,0,0,1,0,2.0,1,0,0,0,0,0,0,0,2.0,1,0,0,0,0,0,0,0
32.0,749.0,27.0,750.0,0,1,0,0,0,0,1,0,1.0,0,1,0,0,0,0,0,0,1.0,0,1,0,0,0,0,0,0
31.0,749.0,24.0,748.0,1,0,0,0,1,0,0,0,1.0,0,0,1,0,0,0,0,0,1.0,0,0,1,0,0,0,0,0
27.0,746.0,22.0,746.0,0,0,1,0,0,0,1,0,2.0,1,0,0,0,0,0,0,0,2.0,1,0,0,0,0,0,0,0
26.0,745.0,22.0,745.0,0,1,0,0,0,1,0,0,1.0,1,0,0,0,0,0,0,0,1.0,1,0,0,0,0,0,0,0
22.0,744.0,20.0,744.0,0,0,0,1,0,1,0,0,0.0,0,0,0,0,0,0,0,0,0.0,0,0,0,0,0,0,0,0
15.0,741.0,15.0,741.0,0,0,0,1,0,0,0,1,3.0,0,1,0,0,0,0,0,0,3.0,0,1,0,0,0,0,0,0
24.0,744.0,16.0,744.0,0,1,0,0,0,1,0,0,1.0,0,0,0,0,0,0,1,0,1.0,0,0,0,0,0,0,1,0
21.0,747.0,17.0,747.0,0,1,0,0,1,0,0,0,4.0,0,0,0,0,0,1,0,0,4.0,0,0,0,0,0,1,0,0
23.0,749.0,16.0,750.0,0,1,0,0,1,0,0,0,2.0,0,0,0,0,0,0,1,0,2.0,0,0,0,0,0,0,1,0
23.0,750.0,15.0,750.0,0,1,0,0,0,1,0,0,2.0,0,0,0,0,0,1,0,0,2.0,0,0,0,0,0,1,0,0
24.0,747.0,17.0,747.0,0,0,1,0,0,1,0,0,1.0,0,0,0,0,0,1,0,0,1.0,0,0,0,0,0,1,0,0
25.0,747.0,19.0,747.0,0,0,0,1,0,0,0,1,3.0,0,0,0,0,0,0,1,0,3.0,0,0,0,0,0,0,1,0
23.0,742.0,20.0,742.0,0,0,0,1,0,0,0,1,2.0,1,0,0,0,0,0,0,0,2.0,1,0,0,0,0,0,0,0
24.0,744.0,21.0,741.0,0,0,0,1,0,1,0,0,2.0,0,0,0,0,0,0,1,0,2.0,0,0,0,0,0,0,1,0
21.0,738.0,19.0,736.0,0,0,0,1,0,0,0,1,3.0,0,0,0,0,0,1,0,0,3.0,0,0,0,0,0,1,0,0
17.0,736.0,12.0,738.0,0,0,0,1,0,0,1,0,1.0,0,0,0,0,0,0,0,1,1.0,0,0,0,0,0,0,0,1
13.0,743.0,12.0,746.0,0,0,0,1,0,0,0,1,3.0,0,0,0,0,0,1,0,0,3.0,0,0,0,0,0,1,0,0
20.0,748.0,15.0,748.0,0,1,0,0,1,0,0,0,2.0,0,0,0,0,0,0,1,0,2.0,0,0,0,0,0,0,1,0
23.0,749.0,20.0,748.0,1,0,0,0,1,0,0,0,3.0,0,0,0,0,0,0,1,0,3.0,0,0,0,0,0,0,1,0
30.0,749.0,20.0,749.0,1,0,0,0,1,0,0,0,3.0,0,0,0,0,0,1,0,0,3.0,0,0,0,0,0,1,0,0
31.0,750.0,22.0,749.0,1,0,0,0,0,1,0,0,1.0,0,0,0,0,0,0,1,0,1.0,0,0,0,0,0,0,1,0
33.0,751.0,22.0,751.0,1,0,0,0,0,1,0,0,1.0,0,0,0,0,0,0,1,0,1.0,0,0,0,0,0,0,1,0
33.0,751.0,23.0,750.0,0,0,0,1,0,1,0,0,1.0,0,0,0,0,0,1,0,0,1.0,0,0,0,0,0,1,0,0
33.0,750.0,23.0,750.0,0,1,0,0,1,0,0,0,1.0,0,0,0,0,0,0,1,0,1.0,0,0,0,0,0,0,1,0
35.0,750.0,28.0,750.0,1,0,0,0,1,0,0,0,0.0,0,0,0,0,0,0,0,0,0.0,0,0,0,0,0,0,0,0
32.0,752.0,26.0,751.0,1,0,0,0,0,1,0,0,2.0,1,0,0,0,0,0,0,0,2.0,1,0,0,0,0,0,0,0
32.0,752.0,23.0,750.0,0,1,0,0,1,0,0,0,0.0,0,0,0,0,0,0,0,0,0.0,0,0,0,0,0,0,0,0
33.0,747.0,24.0,746.0,0,0,1,0,1,0,0,0,1.0,0,0,0,0,1,0,0,0,1.0,0,0,0,0,1,0,0,0
35.0,744.0,27.0,744.0,0,0,1,0,0,0,1,0,1.0,0,0,0,0,1,0,0,0,1.0,0,0,0,0,1,0,0,0
23.0,747.0,0.0,0.0,0,1,0,0,0,0,0,0,2.0,0,0,0,0,0,0,0,1,0.0,0,0,0,0,0,0,0,0
27.0,746.0,19.0,744.0,1,0,0,0,1,0,0,0,1.0,0,0,0,0,1,0,0,0,1.0,0,0,0,0,1,0,0,0
25.0,747.0,18.0,747.0,0,0,1,0,1,0,0,0,1.0,0,0,0,0,0,0,1,0,1.0,0,0,0,0,0,0,1,0
27.0,750.0,21.0,750.0,0,1,0,0,1,0,0,0,2.0,0,0,0,0,0,0,1,0,2.0,0,0,0,0,0,0,1,0
28.0,750.0,23.0,749.0,0,1,0,0,1,0,0,0,2.0,0,0,0,1,0,0,0,0,2.0,0,0,0,1,0,0,0,0
30.0,746.0,0.0,0.0,0,0,0,1,0,0,0,0,3.0,0,0,0,0,0,1,0,0,0.0,0,0,0,0,0,0,0,0
22.0,740.0,18.0,741.0,0,0,0,1,0,0,0,1,5.0,0,0,0,0,0,1,0,0,5.0,0,0,0,0,0,1,0,0
19.0,744.0,15.0,746.0,0,0,1,0,0,1,0,0,3.0,0,0,0,0,0,0,1,0,3.0,0,0,0,0,0,0,1,0
25.0,744.0,22.0,743.0,0,1,0,0,0,0,0,1,3.0,0,0,0,0,0,1,0,0,3.0,0,0,0,0,0,1,0,0
24.0,740.0,23.0,738.0,0,0,0,1,0,0,1,0,4.0,0,0,0,0,1,0,0,0,4.0,0,0,0,0,1,0,0,0
18.0,733.0,13.0,735.0,0,0,1,0,0,0,1,0,5.0,0,0,0,0,0,1,0,0,5.0,0,0,0,0,0,1,0,0
13.0,741.0,9.0,745.0,0,0,1,0,0,0,1,0,3.0,0,0,0,0,0,0,1,0,3.0,0,0,0,0,0,0,1,0
15.0,749.0,13.0,748.0,0,0,0,1,0,0,1,0,5.0,0,0,0,0,0,0,1,0,5.0,0,0,0,0,0,0,1,0
14.0,751.0,15.0,751.0,0,0,0,1,0,0,0,1,2.0,0,0,0,0,0,0,1,0,2.0,0,0,0,0,0,0,1,0
20.0,753.0,16.0,753.0,0,0,1,0,0,1,0,0,2.0,0,0,0,0,0,0,1,0,2.0,0,0,0,0,0,0,1,0
26.0,753.0,17.0,752.0,0,0,0,1,0,1,0,0,3.0,0,0,0,0,0,0,1,0,3.0,0,0,0,0,0,0,1,0
29.0,753.0,19.0,753.0,0,0,0,1,1,0,0,0,2.0,0,0,0,0,0,1,0,0,2.0,0,0,0,0,0,1,0,0
30.0,753.0,19.0,751.0,1,0,0,0,1,0,0,0,2.0,0,0,0,0,1,0,0,0,2.0,0,0,0,0,1,0,0,0
29.0,748.0,22.0,747.0,0,0,1,0,0,0,1,0,3.0,0,0,0,0,0,1,0,0,3.0,0,0,0,0,0,1,0,0
29.0,744.0,18.0,744.0,0,1,0,0,0,0,1,0,2.0,0,0,0,0,0,1,0,0,2.0,0,0,0,0,0,1,0,0
18.0,747.0,10.0,748.0,0,0,1,0,0,0,1,0,2.0,1,0,0,0,0,0,0,0,2.0,1,0,0,0,0,0,0,0
16.0,747.0,13.0,745.0,0,0,1,0,0,1,0,0,3.0,0,0,1,0,0,0,0,0,3.0,0,0,1,0,0,0,0,0
13.0,741.0,13.0,739.0,0,0,0,1,0,0,0,1,3.0,0,0,1,0,0,0,0,0,3.0,0,0,1,0,0,0,0,0
15.0,741.0,12.0,741.0,0,0,0,1,0,0,0,1,1.0,0,0,0,0,0,1,0,0,1.0,0,0,0,0,0,1,0,0
15.0,742.0,13.0,743.0,0,0,0,1,0,0,1,0,1.0,0,0,0,0,1,0,0,0,1.0,0,0,0,0,1,0,0,0
11.0,734.0,11.0,735.0,0,0,0,1,0,0,0,1,2.0,0,0,1,0,0,0,0,0,2.0,0,0,1,0,0,0,0,0
8.0,746.0,7.0,749.0,0,0,0,1,0,0,0,1,3.0,1,0,0,0,0,0,0,0,3.0,1,0,0,0,0,0,0,0
10.0,753.0,7.0,755.0,0,0,0,1,0,0,1,0,2.0,1,0,0,0,0,0,0,0,2.0,1,0,0,0,0,0,0,0
12.0,757.0,10.0,758.0,0,0,0,1,0,0,0,1,2.0,0,0,0,0,0,0,0,1,2.0,0,0,0,0,0,0,0,1
14.0,760.0,11.0,760.0,0,0,0,1,0,0,0,1,1.0,0,0,1,0,0,0,0,0,1.0,0,0,1,0,0,0,0,0
14.0,762.0,10.0,762.0,0,0,0,1,0,0,1,0,2.0,0,1,0,0,0,0,0,0,2.0,0,1,0,0,0,0,0,0
14.0,763.0,10.0,763.0,0,0,1,0,0,1,0,0,2.0,0,0,1,0,0,0,0,0,2.0,0,0,1,0,0,0,0,0
15.0,762.0,9.0,761.0,1,0,0,0,1,0,0,0,2.0,0,0,1,0,0,0,0,0,2.0,0,0,1,0,0,0,0,0
15.0,759.0,10.0,759.0,0,0,1,0,0,1,0,0,2.0,0,0,1,0,0,0,0,0,2.0,0,0,1,0,0,0,0,0
15.0,757.0,11.0,756.0,0,0,0,1,0,0,0,1,1.0,0,0,1,0,0,0,0,0,1.0,0,0,1,0,0,0,0,0
13.0,753.0,10.0,753.0,0,0,0,1,0,0,1,0,0.0,0,0,0,0,0,0,0,0,0.0,0,0,0,0,0,0,0,0
10.0,751.0,6.0,752.0,0,0,1,0,0,0,1,0,3.0,1,0,0,0,0,0,0,0,3.0,1,0,0,0,0,0,0,0
6.0,753.0,3.0,752.0,0,0,1,0,0,0,0,1,2.0,1,0,0,0,0,0,0,0,2.0,1,0,0,0,0,0,0,0
7.0,752.0,5.0,751.0,0,0,0,1,1,0,0,0,1.0,0,0,0,1,0,0,0,0,1.0,0,0,0,1,0,0,0,0
14.0,747.0,12.0,748.0,0,0,1,0,0,0,1,0,4.0,0,0,0,0,0,1,0,0,4.0,0,0,0,0,0,1,0,0
14.0,749.0,12.0,750.0,0,0,1,0,0,0,0,1,3.0,0,0,0,0,0,1,0,0,3.0,0,0,0,0,0,1,0,0
15.0,752.0,10.0,753.0,0,0,0,1,1,0,0,0,2.0,0,0,0,0,1,0,0,0,2.0,0,0,0,0,1,0,0,0
17.0,753.0,11.0,753.0,0,0,1,0,1,0,0,0,1.0,0,0,0,0,1,0,0,0,1.0,0,0,0,0,1,0,0,0
20.0,754.0,15.0,755.0,0,1,0,0,1,0,0,0,3.0,0,0,0,0,0,1,0,0,3.0,0,0,0,0,0,1,0,0
21.0,756.0,14.0,757.0,0,0,0,1,1,0,0,0,2.0,0,0,0,0,1,0,0,0,2.0,0,0,0,0,1,0,0,0
21.0,756.0,15.0,756.0,1,0,0,0,1,0,0,0,2.0,0,0,0,0,1,0,0,0,2.0,0,0,0,0,1,0,0,0
21.0,755.0,15.0,755.0,0,1,0,0,0,1,0,0,0.0,0,0,0,0,0,0,0,0,0.0,0,0,0,0,0,0,0,0
21.0,752.0,14.0,752.0,0,1,0,0,0,1,0,0,0.0,0,0,0,0,0,0,0,0,0.0,0,0,0,0,0,0,0,0
21.0,748.0,15.0,747.0,0,0,0,1,0,0,0,1,1.0,0,0,0,0,0,0,1,0,1.0,0,0,0,0,0,0,1,0
9.0,746.0,7.0,747.0,0,0,0,1,0,0,0,1,3.0,1,0,0,0,0,0,0,0,3.0,1,0,0,0,0,0,0,0
6.0,752.0,3.0,753.0,0,0,1,0,0,0,1,0,3.0,0,0,0,0,0,0,1,0,3.0,0,0,0,0,0,0,1,0
5.0,753.0,5.0,753.0,0,0,0,1,0,0,0,1,0.0,0,0,0,0,0,0,0,0,0.0,0,0,0,0,0,0,0,0
7.0,744.0,8.0,741.0,0,0,0,1,0,0,0,1,4.0,0,0,0,0,0,1,0,0,4.0,0,0,0,0,0,1,0,0
12.0,741.0,9.0,741.0,0,0,0,1,0,0,1,0,2.0,0,0,0,0,0,0,1,0,2.0,0,0,0,0,0,0,1,0
12.0,745.0,8.0,747.0,0,0,0,1,0,0,1,0,4.0,0,0,0,0,0,0,1,0,4.0,0,0,0,0,0,0,1,0
13.0,742.0,11.0,742.0,0,0,0,1,0,0,1,0,4.0,0,0,0,0,0,1,0,0,4.0,0,0,0,0,0,1,0,0
10.0,749.0,5.0,750.0,0,0,1,0,0,1,0,0,2.0,0,0,0,0,0,0,0,1,2.0,0,0,0,0,0,0,0,1
11.0,752.0,9.0,752.0,0,0,0,1,0,0,0,1,1.0,0,0,0,0,0,1,0,0,1.0,0,0,0,0,0,1,0,0
10.0,753.0,8.0,751.0,0,0,0,1,0,0,1,0,2.0,0,0,0,0,1,0,0,0,2.0,0,0,0,0,1,0,0,0
7.0,749.0,7.0,750.0,0,0,1,0,0,0,1,0,2.0,0,0,0,0,0,1,0,0,2.0,0,0,0,0,0,1,0,0
8.0,747.0,6.0,744.0,0,0,0,1,0,0,1,0,2.0,0,0,0,0,1,0,0,0,2.0,0,0,0,0,1,0,0,0
8.0,748.0,6.0,751.0,0,0,0,1,0,0,1,0,2.0,1,0,0,0,0,0,0,0,2.0,1,0,0,0,0,0,0,0
9.0,756.0,7.0,756.0,0,1,0,0,1,0,0,0,2.0,0,0,0,0,0,0,1,0,2.0,0,0,0,0,0,0,1,0
11.0,756.0,8.0,756.0,0,1,0,0,1,0,0,0,2.0,0,0,0,0,0,0,1,0,2.0,0,0,0,0,0,0,1,0
11.0,756.0,7.0,757.0,0,1,0,0,0,1,0,0,3.0,0,0,0,0,0,0,1,0,3.0,0,0,0,0,0,0,1,0
8.0,762.0,4.0,763.0,0,0,1,0,1,0,0,0,2.0,1,0,0,0,0,0,0,0,2.0,1,0,0,0,0,0,0,0
9.0,762.0,5.0,762.0,1,0,0,0,1,0,0,0,0.0,0,0,0,0,0,0,0,0,0.0,0,0,0,0,0,0,0,0
9.0,758.0,5.0,758.0,0,1,0,0,1,0,0,0,3.0,0,0,0,0,0,1,0,0,3.0,0,0,0,0,0,1,0,0
8.0,759.0,5.0,759.0,0,1,0,0,0,1,0,0,2.0,0,0,0,0,0,1,0,0,2.0,0,0,0,0,0,1,0,0
9.0,760.0,6.0,760.0,0,1,0,0,1,0,0,0,2.0,0,0,0,0,0,1,0,0,2.0,0,0,0,0,0,1,0,0
11.0,762.0,7.0,762.0,1,0,0,0,1,0,0,0,1.0,0,0,0,0,0,1,0,0,1.0,0,0,0,0,0,1,0,0
13.0,762.0,8.0,761.0,1,0,0,0,1,0,0,0,1.0,0,0,0,0,1,0,0,0,1.0,0,0,0,0,1,0,0,0
13.0,759.0,8.0,758.0,0,1,0,0,1,0,0,0,3.0,0,0,0,0,0,1,0,0,3.0,0,0,0,0,0,1,0,0
11.0,754.0,9.0,751.0,0,0,0,1,0,0,1,0,2.0,0,0,0,0,1,0,0,0,2.0,0,0,0,0,1,0,0,0
6.0,749.0,3.0,751.0,0,0,0,1,0,0,0,1,2.0,0,0,0,0,0,0,0,1,2.0,0,0,0,0,0,0,0,1
4.0,751.0,2.0,753.0,0,0,0,1,0,1,0,0,4.0,0,0,0,0,0,0,1,0,4.0,0,0,0,0,0,0,1,0
6.0,746.0,4.0,743.0,0,0,0,1,0,0,0,1,4.0,0,0,0,0,1,0,0,0,4.0,0,0,0,0,1,0,0,0
2.0,743.0,1.0,745.0,0,0,0,1,0,0,1,0,2.0,0,0,0,0,0,0,0,1,2.0,0,0,0,0,0,0,0,1
-1.0,754.0,-1.0,756.0,0,0,0,1,0,0,1,0,2.0,1,0,0,0,0,0,0,0,2.0,1,0,0,0,0,0,0,0
-1.0,755.0,1.0,758.0,0,0,0,1,0,0,1,0,2.0,0,0,0,0,0,0,0,1,2.0,0,0,0,0,0,0,0,1
2.0,762.0,1.0,760.0,0,0,0,1,0,0,0,1,2.0,0,0,0,0,0,0,1,0,2.0,0,0,0,0,0,0,1,0
5.0,757.0,3.0,758.0,1,0,0,0,0,0,0,1,4.0,0,0,0,0,0,0,1,0,4.0,0,0,0,0,0,0,1,0
4.0,759.0,4.0,759.0,0,0,0,1,1,0,0,0,2.0,0,0,0,0,0,0,1,0,2.0,0,0,0,0,0,0,1,0
7.0,758.0,3.0,759.0,1,0,0,0,1,0,0,0,3.0,0,0,0,0,0,0,1,0,3.0,0,0,0,0,0,0,1,0
7.0,761.0,3.0,761.0,1,0,0,0,1,0,0,0,2.0,0,0,0,0,0,1,0,0,2.0,0,0,0,0,0,1,0,0
4.0,760.0,1.0,759.0,0,0,1,0,0,1,0,0,0.0,0,0,0,0,0,0,0,0,0.0,0,0,0,0,0,0,0,0
6.0,753.0,4.0,751.0,0,0,0,1,0,0,0,1,2.0,0,0,1,0,0,0,0,0,2.0,0,0,1,0,0,0,0,0
4.0,748.0,5.0,750.0,0,0,0,1,0,0,0,1,2.0,0,0,0,0,1,0,0,0,2.0,0,0,0,0,1,0,0,0
6.0,746.0,5.0,747.0,0,0,0,1,0,0,0,1,2.0,0,0,0,0,0,1,0,0,2.0,0,0,0,0,0,1,0,0
7.0,745.0,7.0,746.0,0,0,0,1,0,0,0,1,5.0,0,0,0,0,1,0,0,0,5.0,0,0,0,0,1,0,0,0
1.0,744.0,1.0,745.0,0,0,0,1,0,0,0,1,5.0,0,0,0,0,0,1,0,0,5.0,0,0,0,0,0,1,0,0
0.0,741.0,0.0,740.0,0,0,0,1,0,0,0,1,3.0,0,0,0,0,0,1,0,0,3.0,0,0,0,0,0,1,0,0
4.0,735.0,5.0,736.0,0,0,0,1,0,0,0,1,4.0,0,0,0,0,0,1,0,0,4.0,0,0,0,0,0,1,0,0
7.0,743.0,9.0,744.0,0,0,0,1,0,0,0,1,3.0,0,0,0,0,1,0,0,0,3.0,0,0,0,0,1,0,0,0
10.0,743.0,8.0,743.0,0,0,0,1,0,0,0,1,4.0,0,0,1,0,0,0,0,0,4.0,0,0,1,0,0,0,0,0
4.0,752.0,1.0,753.0,0,0,0,1,0,0,0,1,1.0,0,0,1,0,0,0,0,0,1.0,0,0,1,0,0,0,0,0
1.0,759.0,0.0,758.0,0,0,0,1,0,0,0,1,2.0,0,0,0,0,0,1,0,0,2.0,0,0,0,0,0,1,0,0
0.0,749.0,1.0,744.0,0,0,0,1,0,0,0,1,2.0,0,0,0,1,0,0,0,0,2.0,0,0,0,1,0,0,0,0
1.0,743.0,-1.0,744.0,0,0,0,1,1,0,0,0,1.0,0,0,0,0,0,0,1,0,1.0,0,0,0,0,0,0,1,0
1.0,753.0,1.0,756.0,0,0,1,0,0,0,0,1,3.0,0,0,0,0,0,1,0,0,3.0,0,0,0,0,0,1,0,0
2.0,760.0,2.0,761.0,0,0,0,1,0,0,0,1,2.0,0,0,0,0,0,1,0,0,2.0,0,0,0,0,0,1,0,0
2.0,764.0,2.0,764.0,0,0,0,1,0,0,0,1,0.0,0,0,0,0,0,0,0,0,0.0,0,0,0,0,0,0,0,0
3.0,765.0,0.0,765.0,0,1,0,0,0,0,1,0,2.0,0,1,0,0,0,0,0,0,2.0,0,1,0,0,0,0,0,0
1.0,762.0,0.0,762.0,0,0,0,1,0,0,0,1,3.0,0,0,1,0,0,0,0,0,3.0,0,0,1,0,0,0,0,0
1.0,762.0,1.0,763.0,0,0,0,1,0,0,0,1,2.0,0,0,1,0,0,0,0,0,2.0,0,0,1,0,0,0,0,0
0.0,760.0,0.0,759.0,0,0,0,1,0,0,1,0,2.0,0,0,0,0,1,0,0,0,2.0,0,0,0,0,1,0,0,0
2.0,758.0,2.0,756.0,0,0,0,1,0,0,0,1,1.0,0,0,0,0,0,0,1,0,1.0,0,0,0,0,0,0,1,0
2.0,754.0,3.0,754.0,0,0,0,1,0,0,0,1,3.0,0,0,0,0,1,0,0,0,3.0,0,0,0,0,1,0,0,0
4.0,753.0,4.0,753.0,0,1,0,0,0,0,0,1,2.0,0,0,0,0,1,0,0,0,2.0,0,0,0,0,1,0,0,0
5.0,750.0,2.0,750.0,0,1,0,0,1,0,0,0,2.0,0,0,1,0,0,0,0,0,2.0,0,0,1,0,0,0,0,0
3.0,751.0,1.0,750.0,0,0,0,1,0,0,0,1,2.0,0,0,1,0,0,0,0,0,2.0,0,0,1,0,0,0,0,0
0.0,753.0,0.0,754.0,0,0,0,1,0,0,0,1,1.0,0,0,1,0,0,0,0,0,1.0,0,0,1,0,0,0,0,0
0.0,759.0,0.0,761.0,0,0,0,1,0,0,0,1,0.0,0,0,0,0,0,0,0,0,0.0,0,0,0,0,0,0,0,0
0.0,761.0,-2.0,760.0,0,0,0,1,0,0,0,1,2.0,1,0,0,0,0,0,0,0,2.0,1,0,0,0,0,0,0,0
-3.0,754.0,-3.0,755.0,0,0,0,1,0,0,0,1,3.0,0,0,0,0,0,0,1,0,3.0,0,0,0,0,0,0,1,0
-4.0,759.0,-6.0,762.0,0,0,1,0,0,0,1,0,3.0,1,0,0,0,0,0,0,0,3.0,1,0,0,0,0,0,0,0
-8.0,761.0,-8.0,759.0,0,0,0,1,0,0,0,1,1.0,0,0,0,0,0,0,0,1,1.0,0,0,0,0,0,0,0,1
-9.0,759.0,-9.0,759.0,0,0,1,0,0,0,1,0,2.0,1,0,0,0,0,0,0,0,2.0,1,0,0,0,0,0,0,0
-7.0,763.0,-9.0,765.0,0,0,0,1,1,0,0,0,2.0,0,1,0,0,0,0,0,0,2.0,0,1,0,0,0,0,0,0
-10.0,766.0,-13.0,766.0,1,0,0,0,1,0,0,0,0.0,0,0,0,0,0,0,0,0,0.0,0,0,0,0,0,0,0,0
-13.0,765.0,-14.0,765.0,0,1,0,0,0,1,0,0,0.0,0,0,0,0,0,0,0,0,0.0,0,0,0,0,0,0,0,0
-13.0,765.0,-14.0,764.0,1,0,0,0,1,0,0,0,0.0,0,0,0,0,0,0,0,0,0.0,0,0,0,0,0,0,0,0
-12.0,763.0,-16.0,763.0,1,0,0,0,1,0,0,0,0.0,0,0,0,0,0,0,0,0,0.0,0,0,0,0,0,0,0,0
-11.0,762.0,-12.0,761.0,1,0,0,0,1,0,0,0,0.0,0,0,0,0,0,0,0,0,0.0,0,0,0,0,0,0,0,0
-12.0,761.0,-12.0,761.0,0,0,0,1,0,1,0,0,1.0,0,0,1,0,0,0,0,0,1.0,0,0,1,0,0,0,0,0
-9.0,760.0,-10.0,760.0,0,0,1,0,0,1,0,0,3.0,0,0,1,0,0,0,0,0,3.0,0,0,1,0,0,0,0,0
-9.0,763.0,-8.0,765.0,0,1,0,0,0,0,1,0,3.0,0,0,1,0,0,0,0,0,3.0,0,0,1,0,0,0,0,0
-8.0,768.0,-11.0,768.0,1,0,0,0,1,0,0,0,0.0,0,0,0,0,0,0,0,0,0.0,0,0,0,0,0,0,0,0
-9.0,762.0,-12.0,759.0,0,1,0,0,1,0,0,0,1.0,0,0,0,0,0,0,1,0,1.0,0,0,0,0,0,0,1,0
-8.0,752.0,-10.0,751.0,0,1,0,0,0,0,1,0,2.0,0,0,0,0,0,1,0,0,2.0,0,0,0,0,0,1,0,0
-8.0,753.0,-8.0,755.0,0,0,0,1,0,0,0,1,0.0,0,0,0,0,0,0,0,0,0.0,0,0,0,0,0,0,0,0
-8.0,759.0,-10.0,759.0,0,0,0,1,1,0,0,0,2.0,0,0,0,0,0,1,0,0,2.0,0,0,0,0,0,1,0,0
-8.0,756.0,-12.0,755.0,0,0,0,1,0,0,0,1,2.0,0,0,0,0,1,0,0,0,2.0,0,0,0,0,1,0,0,0
